row_id,1161364,116570,1176823,1491113,1595929,209233,22930,22956,22961,22967,22973,22983,22985,23150,23154,23158,23176,23724,24279,24285,24287,24321,244024,25073,25092,25214,326272,41970,43435,47144,47158son01,47158son02,47158son03,47158son04,47158son05,47158son06,47158son07,47158son08,47158son09,47158son10,47158son11,47158son12,47158son13,47158son14,47158son15,47158son16,47158son17,47158son18,47158son19,47158son20,47158son21,47158son22,47158son23,47158son24,47158son25,476521,516975,517063,555123,555145,555146,64898,65377,65380,66971,67107,67252,70711,738183,74113,74580,760266,ashgre1,astcra1,bafcur1,baffal1,banana,barant1,batbel1,baymac,bbwduc,bcwfin2,bkcdon,bkhpar,blchaw1,blheag1,blttit1,bncfly,bobfly1,brcmar1,brnowl,bucmot4,bucpar,bufpar,bunibi1,burowl,camfli1,chacha1,chbmoc1,chobla1,chvcon1,cibspi1,coffal1,compau,compot1,crbthr1,crebec1,dwatin1,epaori4,eulfly1,fabwre1,fepowl,ficman1,flawar1,fotfly,fusfly1,gilhum1,giwrai1,glteme1,grasal3,greani1,greant1,greela,grekis,grepot1,gretho2,greyel,grfdov1,grhtan1,gycwor1,horscr1,houspa,hyamac1,larela1,lesela1,lesgrf1,limpki,linwoo1,litcuc2,litnig1,mabpar,magant1,magtan2,masgna1,nacnig1,ocecra1,oliwoo1,orbtro3,orwpar,osprey,pabspi1,palhor3,paltan1,phecuc1,picpig2,pirfly1,plasla1,platyr1,plcjay1,pluibi1,purjay1,pvttyr1,ragmac1,rebscy1,recfin1,redjun,relser1,rinkin1,rivwar1,roahaw,rubthr1,rufcac2,rufcas2,rufgna3,rufhor2,rufnig1,ruftho1,ruftof1,rumfly1,ruther1,rutjac1,sabspa1,saffin,saytan1,scadov1,schpar1,scther1,shcfly1,shshaw,shtnig1,sibtan2,smbani,smbtin1,sobcac1,sobtyr1,socfly1,sofspi1,souant1,soulap1,souscr1,spbant3,spispi1,sptnig1,squcuc1,stbwoo2,strcuc1,strher2,strowl1,swthum1,swtman1,tattin1,thlwre1,toctou1,trokin,trsowl,undtin1,varant1,watjac1,wesfie1,wfwduc1,whbant2,whbwar2,whiwoo1,whlspi1,whnjay1,whtdov,whwpic1,y00678,yebcar,yebela1,yecmac,yecpar,yehcar1,yeofly1
BC2026_Train_0001_S08_20250606_030007_5,0.00072643114,0.05582932,0.00018787275,0.004624903,0.000366688,8.879563e-05,9.9753925e-05,0.00020489722,0.0011427864,0.0047454867,0.008090413,5.74479e-05,0.00015371702,3.6408972e-05,8.46217e-05,0.0030824984,0.00011789496,2.3775443e-05,0.0040986706,0.0003015726,0.00014962048,0.0027503076,0.00032777953,5.3554122e-05,0.00037060294,4.4658562e-05,0.00041156347,0.000819246,0.0002300168,0.0005287726,0.0021336535,0.0002468453,0.001849431,0.00062729255,0.025041584,0.000533498,0.0006231545,0.00059561775,0.000114050315,0.32756233,0.00061096146,0.0002647903,0.9035328,0.00023095914,0.012475,0.009412575,0.9239182,0.0007976602,0.00061055116,0.00029082873,0.7325782,0.92390394,0.93690896,0.00020462398,0.89316463,3.452738e-05,0.000317468,0.014021352,0.00016280156,0.00037236398,0.006522177,0.00017621652,0.00069760915,0.0073361853,0.0030515913,0.0002005308,4.5481414e-05,0.0005491966,4.412173e-05,0.00020048402,6.934873e-05,0.0002311689,0.00072865037,0.0014912691,0.00060888374,0.0010333336,0.0025906833,0.0041692182,0.0025395956,0.0015965473,0.0026012377,0.000522245,0.0012342947,0.0004184226,0.00041469035,0.00088261487,0.00046215925,0.0030115133,0.004140807,0.0005585198,0.0050499416,0.0010820752,0.0004609092,0.0017671407,0.0008999037,0.0010453765,0.0011369898,0.007840749,0.0014972467,0.002224415,0.0010272351,0.0005755184,0.004103007,0.007775916,0.0035945089,0.0013899815,0.0002773133,0.000195529,0.0010682995,0.0024735131,0.0012322526,0.005008228,0.00086572464,0.0017484323,0.00023244786,0.0017495387,0.0012296389,0.0016321791,0.00056762353,0.0040818024,0.0004916382,0.0029029762,0.001872801,0.011547782,0.00057504897,0.002439143,0.0021547868,0.0024598618,0.0003891329,0.0012236903,0.00027357016,0.003295031,0.00038427638,0.0008810744,0.00048791055,0.00016945742,0.0021548844,0.0024591412,0.0006850625,0.002411872,0.0003313386,0.00034981398,0.0004999339,0.0017104836,0.00045040261,0.0010140159,0.006741158,0.0004281492,0.0015510771,0.0020073198,0.001590474,0.0011825783,0.0010953767,0.0007802156,0.0020728982,0.0023127804,0.0011829737,0.00018088064,0.0022782988,0.0003847312,0.0020693105,0.0026291066,0.0003415541,0.0022345062,0.000912567,0.0014641273,0.00180575,0.0011112767,0.00043187683,0.00471126,0.004368957,0.0001718628,0.00045398538,0.0013162966,0.0045965887,0.002157822,0.0005839898,0.0011834026,0.00253483,0.0004680219,0.004368947,0.00024713596,0.004335279,0.0016012526,0.0016595878,0.0010166885,0.00047016345,0.0027324103,0.0005568229,0.0014958485,0.0021300516,0.0018762443,0.0012684902,0.0021307324,0.0032943771,0.004117575,0.0023368278,0.00084616774,0.0035446244,0.0012367351,0.003372455,0.0007199351,3.474536e-05,0.004037803,0.0012747861,0.0062355823,0.0012750367,0.0019843245,0.00021167505,0.0043097762,0.0018311779,0.0036816266,0.0007495704,0.0047861408,0.0033489713,0.007706697,0.00191019,0.00065859547,0.00112263,0.0003452227,0.0002852137,0.0021454587,0.0012569906,0.0004236711,0.00094900193,0.012330208,0.0010561479,0.0010104968,0.00014711027,0.0045216405,0.00022560822,0.0035409501,0.00040666186,0.0038767944
BC2026_Train_0001_S08_20250606_030007_10,0.00067709654,0.059836335,0.00019889585,0.0049185157,0.00034606803,8.3489016e-05,0.00010443169,0.00021327822,0.001017987,0.004472801,0.007793971,6.3738604e-05,0.00017864323,3.8073213e-05,7.8952864e-05,0.0029903883,0.00011661915,2.2550434e-05,0.0040300097,0.00028628312,0.00014151652,0.0026687146,0.00030354524,5.46088e-05,0.0003442151,4.389086e-05,0.00040461533,0.0008512231,0.00020855897,0.00045249035,0.0022736588,0.0002251629,0.0015893661,0.00064054545,0.02709587,0.00048171394,0.0005562139,0.00062197034,0.000102274265,0.3631302,0.00068049,0.00022248535,0.9291733,0.00020082887,0.01063793,0.008853702,0.9326745,0.0007118825,0.0005909016,0.00025486527,0.78278977,0.94385827,0.9535836,0.0001923246,0.9122424,4.0484454e-05,0.00028012355,0.013697643,0.0001765407,0.0003245802,0.0063287914,0.00020854844,0.00058531127,0.0071839285,0.0031676458,0.0002396159,4.694317e-05,0.00047844223,4.201101e-05,0.00019442102,7.399885e-05,0.00021835079,0.00069509324,0.0013680562,0.00067382253,0.001028481,0.0026123433,0.0041492893,0.0023624406,0.0013167061,0.0024287505,0.00048246433,0.0011815422,0.00038379355,0.0004174311,0.00089176727,0.00046666752,0.002831615,0.0039010718,0.0005221733,0.0045068664,0.0011544088,0.00046237485,0.0016022382,0.0008888151,0.0008112464,0.0009709221,0.0060396907,0.0013012597,0.0021137083,0.0009950415,0.00053413183,0.0044283504,0.0066994,0.0031932127,0.0012057018,0.0002636602,0.00019043704,0.00096274284,0.0024430095,0.0013028957,0.00496387,0.00085645536,0.0015764972,0.00022769503,0.0016022164,0.0011674027,0.0013088884,0.0005180981,0.003821595,0.0004551899,0.003027781,0.0017503464,0.010822896,0.0005449354,0.0018873146,0.001961946,0.0025567492,0.00039602892,0.0011039592,0.00028776674,0.0030420846,0.00037263727,0.00077429606,0.00044687203,0.0001693414,0.0017941402,0.002809472,0.00071463373,0.002286117,0.00031823487,0.0003299687,0.00049317005,0.0016153199,0.00044831028,0.00081135595,0.007700813,0.00043409082,0.0013938359,0.0019056541,0.0014582953,0.0009824301,0.0010842053,0.00072282954,0.0018405801,0.002366356,0.0011095767,0.00015896016,0.0022516684,0.00039058118,0.002204351,0.0023703943,0.00031597275,0.002244255,0.00087103294,0.001337164,0.0016498519,0.0011314342,0.0004477267,0.0048537906,0.00398991,0.00014930352,0.00041526367,0.0012030555,0.004005212,0.0022373258,0.0005429675,0.0011445794,0.0023304147,0.00047124838,0.004496387,0.00024210931,0.003952885,0.0015182263,0.0015686358,0.0009766772,0.00038559025,0.0025374785,0.00055992795,0.0013230377,0.0020040371,0.001729266,0.0012580141,0.0020528242,0.003055072,0.0037466919,0.002154973,0.0008594679,0.003374206,0.0009580731,0.003206397,0.00065291254,3.4321023e-05,0.00434523,0.0013040921,0.0062155533,0.0012889649,0.0018960782,0.00018209772,0.004453613,0.0018535462,0.0039955513,0.0005770721,0.0044912007,0.0031906974,0.0076136244,0.0018340809,0.0007194553,0.0010829008,0.00032049773,0.0003064739,0.0019754143,0.000937912,0.00034460152,0.00086136366,0.011655878,0.001152598,0.0010765119,0.00012810281,0.0043325317,0.00021952776,0.0032789689,0.0003913082,0.0039933147
BC2026_Train_0001_S08_20250606_030007_15,0.0006922484,0.054905005,0.0001785377,0.0044268183,0.0003697234,7.831344e-05,0.00010446691,0.00019724466,0.0011244727,0.0045030173,0.008228444,5.3457275e-05,0.00018228468,3.2951477e-05,7.731624e-05,0.0030661644,0.000118943164,2.0878835e-05,0.0042180396,0.0002813585,0.00012622212,0.0026758628,0.00032829895,5.7255416e-05,0.000355031,4.036827e-05,0.00042900845,0.0008152733,0.00022426793,0.0004490898,0.0024733415,0.00023498532,0.0019134969,0.0005414585,0.02445739,0.0005068569,0.0005973866,0.0008099606,0.000103017395,0.35737947,0.0006864791,0.0002338925,0.9239442,0.00021680428,0.010468253,0.008675712,0.9272574,0.0009390575,0.0006733558,0.00030779676,0.7821454,0.9418044,0.95346045,0.00020007337,0.90304285,3.36373e-05,0.00027959677,0.014092827,0.0001412839,0.00030885616,0.0064935065,0.00021636931,0.0006307723,0.007258244,0.003114904,0.00021740746,4.1373645e-05,0.000481194,3.7160753e-05,0.00018910984,6.970979e-05,0.00022521772,0.0007773383,0.0012297574,0.000564355,0.00106672,0.0027224002,0.0043363585,0.0028102358,0.0012166875,0.0024680856,0.0004931164,0.0011106962,0.00038113765,0.00041612532,0.0008678935,0.0004915685,0.0028758598,0.0041802065,0.0005278056,0.004639079,0.0012141254,0.0004575534,0.001573919,0.0008789629,0.0007959209,0.00095525145,0.0059657483,0.0013328583,0.0020625577,0.0010368552,0.00056998915,0.0041797934,0.0066562574,0.0032892877,0.0012142567,0.0002919133,0.00021240149,0.0009854947,0.0025662766,0.0014095213,0.0052739093,0.001033318,0.0016784833,0.00022320618,0.0016802577,0.001222176,0.0012340044,0.00050579634,0.0038464393,0.00043504115,0.0032877286,0.0018058032,0.01109494,0.00055609783,0.0018649119,0.002036993,0.0026141533,0.00041970972,0.0011124171,0.00025197482,0.003106571,0.0003265846,0.0008301723,0.00047748504,0.00016785595,0.0016857964,0.0027539772,0.000718323,0.002321832,0.00033676054,0.00034624268,0.0005097629,0.0016560437,0.0004148633,0.00086929713,0.007093859,0.00041395612,0.0014690196,0.0019266576,0.0015610363,0.0009142173,0.0011273875,0.000786819,0.0018674168,0.002417248,0.0012320733,0.000169653,0.002161037,0.0003688348,0.0024115841,0.0024601482,0.0003226492,0.0022717717,0.0009269843,0.0013628935,0.0017198994,0.001164087,0.00045371833,0.0049056704,0.004005474,0.0001559759,0.00044841692,0.0011684494,0.003898317,0.0024754321,0.0005600764,0.0012794167,0.002413042,0.00046328077,0.0038895567,0.0002508643,0.004076235,0.0015309182,0.0014914199,0.0010132511,0.00040454697,0.0028327624,0.0005517529,0.0014839898,0.0019782444,0.001672777,0.0012862713,0.0020676174,0.0030990732,0.0038391063,0.0022076506,0.0009866442,0.003276832,0.00090300635,0.0034830607,0.00069067057,3.2867378e-05,0.0042318422,0.0013486143,0.0092682615,0.0012484285,0.0017991886,0.00018789791,0.004746855,0.0019262541,0.0038369899,0.0005701345,0.0046517276,0.003263745,0.007897426,0.0018878982,0.0006363367,0.0011580897,0.00032061158,0.00030655184,0.0020436028,0.00094378646,0.0003675968,0.0008614007,0.012213275,0.0011753419,0.0010755431,0.00012781499,0.00460711,0.0002225528,0.0034838577,0.00040309996,0.0039424114
BC2026_Train_0001_S08_20250606_030007_20,0.00069051195,0.05123803,0.00019040055,0.005539461,0.00042182644,7.881621e-05,0.000113215225,0.00021402966,0.0012360349,0.0043961112,0.008163433,5.9007325e-05,0.00019446459,3.5445817e-05,8.739828e-05,0.0030684464,0.00011583311,2.5369143e-05,0.004171669,0.00032565012,0.00012672615,0.0026477112,0.0003574981,5.2323743e-05,0.00039696807,4.2730797e-05,0.00043429434,0.00085236575,0.00022222444,0.00042071487,0.0026016643,0.00023309617,0.0017569583,0.00048711413,0.02222963,0.00045914567,0.00060270156,0.0012879535,9.737566e-05,0.32782465,0.00072945,0.00024920423,0.9050575,0.00021237058,0.011900964,0.009578842,0.925136,0.0009137558,0.00073313084,0.0004993847,0.76158035,0.9311509,0.94436586,0.000202339,0.90073264,3.5001503e-05,0.00027585437,0.01488885,0.00014444372,0.00034455876,0.0072522806,0.000252016,0.00074457773,0.007327358,0.0033780704,0.00020625404,3.6127873e-05,0.0005047643,3.795828e-05,0.00018195073,6.937908e-05,0.00026041406,0.0008579947,0.0013831733,0.000522958,0.0010169572,0.0026553953,0.0044926666,0.0026267879,0.0012183815,0.0024366002,0.0004960713,0.0010885844,0.00039969204,0.0004485095,0.0008100213,0.000636515,0.003029583,0.004289703,0.0005798685,0.005140268,0.001342002,0.00046907304,0.0016220924,0.00092529366,0.0008734889,0.0009801807,0.006355055,0.0014503194,0.0021070647,0.0010325197,0.00068502116,0.0043450035,0.0069283643,0.003315115,0.0012345352,0.0003101349,0.00021658617,0.0010632606,0.0028020982,0.0014974838,0.0053560687,0.0012753442,0.0019099904,0.00023762362,0.001823519,0.0012465969,0.0012290152,0.00052555726,0.004064644,0.000436808,0.0038251015,0.0019441342,0.011506976,0.0005947282,0.001964476,0.0019154316,0.0026479238,0.00041504865,0.0010610415,0.00025204365,0.003027152,0.00036076957,0.0009374751,0.00052963186,0.00017862806,0.0016935145,0.0025455728,0.00072746514,0.0023385922,0.00037868353,0.00038619363,0.0005295715,0.00171202,0.00045100387,0.0009550598,0.0064780344,0.00041090854,0.0017017525,0.0019211257,0.0015275788,0.0009494015,0.0011507671,0.0008628699,0.002039114,0.0024561596,0.0013636604,0.00020143155,0.0023025286,0.00038201903,0.0024025596,0.0030417754,0.00036342026,0.0024163593,0.00097339146,0.0014497647,0.00172654,0.0013507835,0.0004374542,0.004591568,0.0037148506,0.00017434108,0.0005446505,0.0011986818,0.003826958,0.0025525442,0.00053172524,0.0016645361,0.002416861,0.00047737415,0.0034214193,0.0002529423,0.0043960237,0.0016031949,0.0015540352,0.001215615,0.00044976108,0.003489789,0.0005300981,0.0014389815,0.002039142,0.0016669101,0.0014065708,0.0021817654,0.0031757546,0.0038708504,0.0023345111,0.0011197962,0.003156116,0.0009959782,0.003836932,0.00069499586,3.2060245e-05,0.0041921483,0.0013697983,0.011752258,0.0012740197,0.0020402237,0.00020792372,0.004817928,0.002117062,0.0041102176,0.00078539306,0.00465084,0.0032736445,0.008360316,0.0021094752,0.0005942978,0.0014130617,0.0003019496,0.00031315876,0.0022122895,0.0010675273,0.0004026671,0.00096258713,0.012126895,0.0012674455,0.001280923,0.00013429666,0.004742411,0.00026358638,0.0037327667,0.00039866913,0.003994679
BC2026_Train_0001_S08_20250606_030007_25,0.00064607436,0.05336444,0.0002232188,0.0073376806,0.0003455119,7.378169e-05,0.00014257377,0.00023808757,0.0010048868,0.0043571424,0.008192469,8.330361e-05,0.00019754062,3.221733e-05,8.30518e-05,0.0030060473,0.00012250166,2.070265e-05,0.0037694124,0.00025238775,0.00011853244,0.0026501731,0.0003323378,5.0192444e-05,0.0003743146,4.096768e-05,0.00037352624,0.0008817385,0.00018358536,0.00047791516,0.0023758386,0.00020076934,0.0014014771,0.00058358477,0.026006235,0.0004395034,0.0005587079,0.0007853458,9.110988e-05,0.37282082,0.0005891312,0.00020331478,0.9254275,0.0001816054,0.01286704,0.010853517,0.93567616,0.00073831365,0.0005827207,0.000284835,0.785978,0.94409126,0.9548528,0.00016879241,0.9182461,3.3199565e-05,0.00024676,0.014084536,0.0001457772,0.0003057687,0.0071337484,0.0002737862,0.00055335986,0.0071509825,0.0032208702,0.00019556624,3.806086e-05,0.0005354503,4.011975e-05,0.00019100617,7.115616e-05,0.00021102323,0.00072782463,0.0015078748,0.0006284084,0.0009391563,0.0026879257,0.0042221867,0.002090015,0.001213231,0.0024362379,0.00043436416,0.0011599711,0.00034483275,0.0004146786,0.00078721636,0.00046640733,0.0028436077,0.0037650238,0.00050510955,0.004357748,0.0016199532,0.00039844654,0.0017414597,0.0009100847,0.0008262224,0.0010262008,0.005453557,0.0012345298,0.002049278,0.0010023586,0.00058398076,0.00406553,0.008403683,0.0032299317,0.0011836389,0.00027076682,0.0001952695,0.00090827676,0.0023852834,0.0013433244,0.0050051776,0.0009449833,0.0016731827,0.00021306692,0.001769047,0.0011427767,0.0012523549,0.00045939963,0.003970105,0.00045687996,0.003736774,0.0017993117,0.010666459,0.0006085831,0.0020170358,0.001937982,0.0025419202,0.00037854878,0.0010214344,0.0003274342,0.002811138,0.0003805902,0.0008688763,0.00044141512,0.00015666035,0.001615516,0.002266931,0.0007003645,0.002625723,0.00033989406,0.0003759839,0.00054955133,0.0015430057,0.0006642741,0.00078671816,0.0056694774,0.00041878514,0.0015529405,0.0018854726,0.0014250407,0.0009919975,0.0011513921,0.00068896514,0.0019389882,0.0024997,0.0011655343,0.00016463392,0.0022228183,0.00035771632,0.0021649143,0.0026405759,0.00032023125,0.0022335409,0.0008328058,0.0014164599,0.0016067157,0.0011262633,0.00039235438,0.0039467034,0.0037455456,0.00018667968,0.00047801557,0.0010799811,0.0039089094,0.0022514218,0.0005155072,0.0013277426,0.0025064226,0.0004560585,0.003426464,0.00024379978,0.0038652166,0.0014573873,0.0015864195,0.0009939558,0.00037283634,0.0028647697,0.0005033511,0.00135067,0.0021267417,0.0016605626,0.0014167405,0.0021704414,0.0030212826,0.0036544637,0.0022313544,0.0008587633,0.0031936937,0.00094626035,0.0037370946,0.00060960103,3.3926757e-05,0.004253517,0.0012975386,0.008914234,0.0012694106,0.0021349925,0.00017673249,0.004350487,0.0017902347,0.0042416067,0.0005497819,0.0044466704,0.003174557,0.00822337,0.0017872169,0.0006472916,0.0011758468,0.00029472084,0.00026397491,0.0019243973,0.0008812612,0.00037234323,0.00091647275,0.011771036,0.0011734747,0.0010421962,0.00013209392,0.0045015328,0.00021080881,0.0034980134,0.00034985034,0.003951923
BC2026_Train_0001_S08_20250606_030007_30,0.0006177956,0.052723974,0.00022411569,0.005555613,0.00033333074,7.574524e-05,0.00013810142,0.00020757936,0.000965058,0.0044861645,0.007842522,9.1569746e-05,0.00023060406,2.9887944e-05,8.418895e-05,0.003036848,0.00014340227,1.8418019e-05,0.0038030725,0.0002295671,0.000116266405,0.002723105,0.00026566896,6.0730756e-05,0.00034169204,3.5419733e-05,0.00037991654,0.00076395663,0.00017715318,0.0005161607,0.0025220925,0.00019552212,0.0014567834,0.00058763364,0.02729733,0.00044523587,0.00054793555,0.00061624026,0.000101650214,0.41002372,0.000617442,0.00020258191,0.94032127,0.00018452828,0.014817686,0.011849623,0.9414863,0.0007382859,0.00058923237,0.00024603755,0.8096019,0.9536437,0.962685,0.00019892598,0.9269288,3.5554127e-05,0.00023693971,0.013824242,0.00013871372,0.00030401495,0.0063965856,0.00030543676,0.00052531465,0.0072137127,0.0032508543,0.00022078054,4.5859386e-05,0.00048721815,4.230817e-05,0.00019898907,6.90939e-05,0.00018590529,0.0006883768,0.0014330229,0.00062924053,0.00090030336,0.0028699972,0.003953732,0.0022703449,0.0012281641,0.002590548,0.00045634122,0.0012341016,0.00035839895,0.00039778982,0.0008115544,0.00044367765,0.0029004107,0.0036588896,0.0004809725,0.0037956105,0.0016175541,0.00039463135,0.0017784745,0.0009196767,0.0008237851,0.0011558312,0.005304454,0.0012795216,0.0022513843,0.001019726,0.0005412192,0.0036969385,0.007848616,0.0029151756,0.0012915283,0.00024877727,0.00021075107,0.00094535126,0.0023470204,0.0012146921,0.004879756,0.00084303186,0.0015783408,0.0002337741,0.0016928632,0.001125999,0.0013349954,0.00043598926,0.004094464,0.0004716162,0.0031513716,0.0017352756,0.011047984,0.00056318287,0.0021575377,0.0021060097,0.0025901105,0.00037984547,0.0010309884,0.00034733288,0.002814726,0.00038273775,0.0008648828,0.0004207985,0.00015027737,0.0016480765,0.0024052,0.00069647125,0.0024285016,0.0003153554,0.00033829498,0.000548454,0.0016156903,0.0007156879,0.0007923946,0.006221895,0.0004351595,0.0014774303,0.0019280303,0.0014191468,0.001074576,0.0010674273,0.0006281656,0.0021735923,0.0024641848,0.0009822989,0.00014976348,0.0021597687,0.00034746612,0.002219498,0.0026611323,0.0003232099,0.002107887,0.0007933533,0.0013191276,0.001730142,0.0011315487,0.00040266718,0.0040589,0.0038881102,0.0001846705,0.0004219507,0.0010889228,0.0042467415,0.0020306082,0.0005083028,0.0013091433,0.0025491042,0.0004327611,0.004561106,0.00023929254,0.003845636,0.0014148713,0.0016051441,0.0009492226,0.00033514982,0.0026892202,0.0005194861,0.0013134297,0.0022194055,0.0017505325,0.0013541514,0.0022516593,0.0031169439,0.0036696882,0.0022134644,0.00076287024,0.0033346596,0.0009477735,0.003457739,0.00062179175,3.489972e-05,0.0040924926,0.0012436456,0.0104194,0.0012370084,0.0017725425,0.00017402887,0.0040627304,0.0017122511,0.0041223136,0.0005037913,0.004621698,0.0031303505,0.0078533245,0.001684269,0.00074291654,0.0010570901,0.00030864245,0.00025977052,0.0018957786,0.0009359095,0.000376449,0.00090163207,0.011778708,0.0010378002,0.0009794023,0.00013256393,0.0050159614,0.00020959582,0.0035163169,0.00036491663,0.0038245113
BC2026_Train_0001_S08_20250606_030007_35,0.0006747257,0.04766955,0.00031603564,0.005760953,0.00036599897,9.2128634e-05,0.00021547468,0.00022955782,0.00095995073,0.0047833794,0.007939397,0.00015244726,0.00041288405,3.5994988e-05,9.257569e-05,0.0030709777,0.00012917852,2.0314137e-05,0.0037287332,0.0002544327,0.00013049672,0.002726608,0.00026841735,5.9851038e-05,0.00034525868,4.3149157e-05,0.00040084912,0.0008432635,0.00016554288,0.00079000206,0.002531696,0.00020989947,0.001321315,0.00078044675,0.026039448,0.00043865078,0.0005452091,0.00069538516,0.000101164595,0.38518548,0.0007308718,0.00021428446,0.9251064,0.00017914618,0.011184479,0.008889524,0.92947286,0.0005719605,0.0005858377,0.00036257267,0.78417873,0.9438605,0.9548964,0.00022353894,0.9094027,5.5686203e-05,0.00024311677,0.014234563,0.00019604807,0.00041832574,0.0063862912,0.0003143402,0.0006001357,0.00724933,0.0034459226,0.00028689505,6.986827e-05,0.0005444275,4.805921e-05,0.0002705499,7.3241004e-05,0.00021363905,0.00069551484,0.0016381262,0.00092842616,0.00093422364,0.0026463217,0.003869324,0.0022662345,0.0013937978,0.0026249848,0.000481591,0.0012780238,0.00039803243,0.00047841755,0.00083856465,0.0004539564,0.0028665685,0.003589662,0.00050806376,0.004546467,0.0023633114,0.00041243172,0.0021323096,0.0009808638,0.0010654766,0.0013023424,0.004849408,0.0012189988,0.002104932,0.0010316989,0.00048467284,0.003752137,0.009967911,0.003565244,0.0015385743,0.00026303413,0.00020845463,0.00095869426,0.0023914964,0.0012163037,0.005185122,0.00086961966,0.0017616402,0.0002870813,0.0015085759,0.0010536,0.0014480295,0.0004268218,0.0037872002,0.0005761908,0.0027891167,0.0018397529,0.010662421,0.00072292844,0.0017910695,0.002002351,0.0030321614,0.00041108223,0.0010849589,0.00044745003,0.0028930865,0.0005225435,0.0007992156,0.00040925737,0.00016337908,0.0016255014,0.0032822725,0.0007630848,0.0033500092,0.0003565654,0.00031270387,0.00051614514,0.001630442,0.0012843396,0.0008563612,0.0057658665,0.00047481293,0.0014463352,0.0019755927,0.0013983144,0.0009092624,0.0010418014,0.0006413662,0.002464635,0.002487728,0.00093588216,0.00015355404,0.0022384978,0.0003959288,0.0021172157,0.00246493,0.0003724091,0.002138571,0.00079440227,0.0013398457,0.0015663129,0.0010481778,0.00046687515,0.004160111,0.004025591,0.00015644169,0.00041076145,0.0010965996,0.0037957223,0.0020658309,0.0005132958,0.0015198474,0.0024049315,0.00045102127,0.0041140406,0.00024585385,0.004227955,0.0014873286,0.0018355949,0.0009034927,0.00032589512,0.002601983,0.0005965551,0.0015328649,0.0023025728,0.0016969802,0.0013838058,0.002482922,0.0030921006,0.0035694279,0.0021576437,0.0007392615,0.0032605578,0.0009825269,0.003240929,0.000638957,4.3834287e-05,0.0042612134,0.0012234153,0.011061589,0.0013654492,0.0020300492,0.0001750313,0.0041567013,0.001704971,0.0038197702,0.00049437373,0.0046875626,0.0032816457,0.0076602227,0.0016404409,0.0008772111,0.0010771242,0.00033961362,0.00029288215,0.0019871714,0.00087490823,0.00034187373,0.0010020662,0.01178558,0.001078681,0.0010398917,0.00013658029,0.0044774828,0.00020914614,0.0036637431,0.00035299404,0.0036745856
BC2026_Train_0001_S08_20250606_030007_40,0.0006384477,0.048511274,0.00019145968,0.0043471325,0.00029762802,7.09818e-05,0.00012584313,0.0001869271,0.0008848943,0.004456349,0.0075242803,7.434151e-05,0.00020836195,2.6290587e-05,6.972557e-05,0.0029562884,0.00011158247,1.5891592e-05,0.003614699,0.0002527758,0.00011270877,0.0026041637,0.00026768848,4.5220775e-05,0.0003336796,3.551926e-05,0.0004219927,0.0007941441,0.00016298777,0.00050194055,0.0025493037,0.00019905005,0.00116203,0.0006403323,0.026778826,0.00042307354,0.0005222891,0.00070168986,7.8193654e-05,0.3882935,0.00066894724,0.00018826533,0.93729824,0.00017074935,0.008333925,0.0069056065,0.93306583,0.0004949901,0.00052783126,0.0002839104,0.80167705,0.9524362,0.96131206,0.0001747899,0.9193011,3.3452958e-05,0.0002178743,0.014009657,0.00013215962,0.00030460767,0.00603226,0.00021292112,0.00059830316,0.0070542856,0.002973733,0.00020231484,4.511635e-05,0.00046269735,3.583266e-05,0.0001731672,5.496007e-05,0.00019435305,0.0006507888,0.0012223263,0.0006568039,0.00090522174,0.0024170845,0.0039238133,0.0020666448,0.0011605909,0.0024502107,0.00042116432,0.0010096898,0.0003298873,0.0003908631,0.000717463,0.000385057,0.0026941772,0.0035978493,0.0004545361,0.0046279053,0.0013946154,0.00034507373,0.0017026116,0.0008346745,0.000798548,0.0009875013,0.004992217,0.0011586791,0.0020209285,0.00099064,0.0004407707,0.003726255,0.0073275114,0.0032574334,0.0012497732,0.00021875578,0.00019635701,0.00089019135,0.0021071427,0.0012078539,0.0045544347,0.00092477514,0.0015232221,0.00020356143,0.0013847735,0.0008960403,0.0011786551,0.00039194134,0.003358255,0.00042165632,0.0026270156,0.0016835232,0.010189006,0.0005725926,0.0015446192,0.0017890943,0.0024099029,0.00032176744,0.0010124823,0.00027270612,0.0029182753,0.00034574282,0.0006915817,0.0003830027,0.00013955965,0.0015374586,0.0023120048,0.00061746413,0.0028769346,0.0003084092,0.0002978753,0.00044725163,0.001550965,0.00061966636,0.0006889347,0.00533204,0.0003642071,0.0013074836,0.0018953598,0.0013412118,0.0007855562,0.0009936666,0.0006281986,0.0019261494,0.002050836,0.000937153,0.0001347144,0.0021255384,0.0003297309,0.0019392339,0.002163692,0.0002824369,0.001972505,0.0007365809,0.0012832446,0.0012732388,0.00095854345,0.000371179,0.003814238,0.0036634356,0.0001259606,0.0003676938,0.00097459875,0.003608698,0.0020639785,0.00044659036,0.0010843175,0.0021471365,0.0004171073,0.0035676828,0.00019883212,0.003788583,0.0014989087,0.0014758985,0.0008078626,0.00031017713,0.002188232,0.0005071158,0.0012293215,0.0019254915,0.0015495407,0.0012391589,0.001956883,0.0029485265,0.0033329083,0.0020300003,0.00068199757,0.003080943,0.0008226133,0.0030739852,0.0005729002,3.2264325e-05,0.0037904808,0.0011554047,0.016292699,0.001088408,0.0018814306,0.0001451262,0.0041514966,0.0015980443,0.003612828,0.00044833295,0.004385578,0.003494385,0.007941671,0.0015664637,0.00063172565,0.0009619395,0.0002959157,0.00022253806,0.0018115228,0.00074050494,0.0002917587,0.00085535826,0.011519838,0.00097168254,0.0008788562,0.000112322334,0.0039181937,0.00017718814,0.0032351639,0.00031816226,0.003526283
BC2026_Train_0001_S08_20250606_030007_45,0.0006196624,0.053686596,0.00015094872,0.0052767587,0.00028847618,6.885463e-05,7.613291e-05,0.00017496971,0.00086656364,0.004503761,0.007912498,4.6899455e-05,0.0001385646,2.5905796e-05,6.679456e-05,0.002989074,0.00011049274,1.796005e-05,0.0037393318,0.0002434677,0.00010483771,0.0026070096,0.00026030545,3.915972e-05,0.00030789268,3.212026e-05,0.00036655233,0.000735722,0.00018425233,0.00040206363,0.003741934,0.0001928833,0.0016598642,0.0005234373,0.024302095,0.00042634417,0.00053819775,0.0008582771,8.5219166e-05,0.34438416,0.00056654407,0.00019573008,0.9201961,0.00017836316,0.011418578,0.009597585,0.9247055,0.0007985183,0.00059545785,0.0002583845,0.7694493,0.9393154,0.9507147,0.00016756121,0.90822756,2.4340861e-05,0.00022080194,0.014724041,0.0001141363,0.0002455779,0.005872981,0.00021755419,0.0005547787,0.007127347,0.0029582863,0.00016204009,3.5104935e-05,0.00040768692,3.0655698e-05,0.00015317321,5.3903757e-05,0.00018890864,0.0006855116,0.001077073,0.00050365564,0.0010129731,0.002479764,0.004185067,0.0021884097,0.0012041376,0.002432425,0.00041872365,0.0010185278,0.00029482934,0.0003885196,0.0008072493,0.00040557358,0.0026957146,0.0038321,0.00047064148,0.003798354,0.0010756128,0.0003623325,0.0015673734,0.00082008634,0.00065975735,0.000893262,0.005686887,0.0011082556,0.0021496774,0.0010007558,0.0004599328,0.0040036812,0.0064261085,0.002860787,0.0011526557,0.00022834449,0.00017116591,0.00091999373,0.002235976,0.0013149807,0.004573686,0.0010419592,0.0015135554,0.00019166146,0.0015320076,0.000958041,0.0011136896,0.00041375542,0.0037099938,0.00044052038,0.0028808066,0.0016965554,0.010424826,0.0005358159,0.0017566128,0.0017824632,0.0024448263,0.0003543913,0.0010406838,0.00026168072,0.0028335892,0.00029567393,0.0007076537,0.00037789682,0.00014026229,0.0016027712,0.0021928176,0.00063576753,0.0033583944,0.00029512736,0.00031510787,0.00045170315,0.0015460994,0.00036733347,0.00064214057,0.006860035,0.0003736156,0.0013327125,0.001889608,0.0013551507,0.00087615626,0.0010111019,0.0006618775,0.0017506962,0.0022036617,0.001045148,0.0001408268,0.0022091547,0.0003189529,0.0019185407,0.0022926242,0.00028270902,0.002119384,0.00073234976,0.0013340844,0.0012759923,0.0009823609,0.00041413328,0.004191464,0.003578996,0.00012719487,0.00039719336,0.0010297837,0.0039069657,0.002099763,0.00046447656,0.0010425299,0.0023458693,0.000432396,0.0038355326,0.00021019636,0.003632692,0.0014268684,0.0014177305,0.0008902785,0.00033608882,0.0023038583,0.0004711552,0.0011102472,0.0019612662,0.0015892055,0.0013257231,0.0019248035,0.0030443806,0.0035249912,0.002027845,0.0007742302,0.0031147539,0.0008292495,0.0032644237,0.00057091727,2.7989166e-05,0.0039315433,0.0012484832,0.009190128,0.0010435131,0.0016597317,0.00015100116,0.0044038696,0.0017274935,0.0039657727,0.00046805866,0.0044349013,0.0037956964,0.007563854,0.0017664686,0.00057348865,0.0010430426,0.00028062912,0.00020514317,0.0018964675,0.00079312496,0.0003141892,0.00086359866,0.011800303,0.00097118545,0.0008563889,0.0001100613,0.0039778673,0.0001798575,0.003274891,0.00035088608,0.0037889516
BC2026_Train_0001_S08_20250606_030007_50,0.0006670177,0.059518978,0.00023096446,0.004117995,0.00030047228,7.48206e-05,8.069701e-05,0.00017055882,0.00089158065,0.0045671146,0.00808518,5.724755e-05,0.0001314849,3.1526983e-05,7.488706e-05,0.0030441303,0.00011202066,1.7907227e-05,0.003839947,0.00026546879,0.00011280164,0.0026636587,0.0002987358,4.613519e-05,0.00033306063,3.6055273e-05,0.00038704046,0.00081239326,0.00021979734,0.00046007228,0.0031340353,0.0002067559,0.0022480583,0.0006109923,0.02479516,0.00050639425,0.000553589,0.0007516532,0.00010028025,0.33203027,0.000583304,0.00020020534,0.9107613,0.00020387748,0.0128355995,0.010783482,0.92039615,0.0012548877,0.0006927059,0.00027385473,0.7487573,0.9302242,0.9448373,0.00018068096,0.8941515,2.657111e-05,0.00022992406,0.014114783,0.0001591455,0.0002476381,0.0065980544,0.0001949447,0.0005794382,0.007294208,0.0030556114,0.00018043707,4.3220254e-05,0.00041379352,3.2641554e-05,0.00017638261,5.490001e-05,0.00018831067,0.0006821324,0.0010225679,0.0006536849,0.0010446085,0.0025702275,0.0041248514,0.0023449762,0.0012872653,0.0024899484,0.0004606223,0.0010697448,0.00030761582,0.00042578805,0.00093211385,0.00042013032,0.002748169,0.0037125053,0.00050910667,0.0037250493,0.0011149091,0.0004090704,0.0015756683,0.0008674652,0.0006880082,0.0009348214,0.006265211,0.0011675041,0.0021267373,0.0010117223,0.00046333097,0.0038278806,0.007035689,0.003062748,0.0011706327,0.0002496241,0.00017534969,0.00096733315,0.0022885448,0.0013206298,0.004682463,0.00090040965,0.0016132365,0.00019708644,0.0015731526,0.00095233665,0.0011545119,0.0004668372,0.0037576926,0.00046781873,0.002962223,0.0017857502,0.010803888,0.0005707189,0.0017867286,0.0019242229,0.0024841807,0.00038977986,0.001107098,0.00033010193,0.0029139393,0.00031979123,0.00076567254,0.00040166013,0.00013894158,0.0016430577,0.0022175943,0.0006486774,0.0026184812,0.0003063329,0.0003166262,0.0004667175,0.0015805428,0.00042732357,0.00061942096,0.0063570077,0.00041407516,0.0013790834,0.0019246741,0.0013654527,0.00085655064,0.0010728718,0.0007191024,0.0016789675,0.0021884916,0.0010758128,0.00014202169,0.0021238697,0.0003267701,0.0020473695,0.0022161144,0.0003056454,0.0021623587,0.0007635437,0.0014143125,0.0014943513,0.0010436676,0.00042160018,0.0042152074,0.0039721467,0.00013844986,0.00040077278,0.0010444525,0.003956686,0.0021197337,0.0005276222,0.0010812809,0.002464042,0.00051863666,0.0037977314,0.00022017241,0.003775857,0.0014491844,0.0014446124,0.0009503802,0.0003716424,0.0024315226,0.00049204606,0.0012207292,0.0021168764,0.0016953665,0.0012065478,0.0020103336,0.0031154843,0.003804415,0.002066013,0.0008543456,0.0034242207,0.00087365264,0.0034703,0.00063789653,2.875058e-05,0.004061915,0.0013186757,0.0062221494,0.0011042273,0.0017255108,0.00017576944,0.0044546244,0.0017575972,0.003994441,0.00048642792,0.0046026073,0.003536325,0.0075000133,0.0018769628,0.00066019845,0.0010442956,0.0003185096,0.00022454633,0.0019103425,0.00082993234,0.00033381197,0.0008708298,0.011710909,0.0009259768,0.00097286736,0.00012339177,0.0039566346,0.0002016343,0.0034033775,0.00038586598,0.004009509
BC2026_Train_0001_S08_20250606_030007_55,0.0008252724,0.1860744,0.0028772957,0.0029762976,0.00034397995,8.6031694e-05,9.635254e-05,0.00018000981,0.0009068464,0.0048179356,0.0084087625,0.0004832415,0.00015391395,7.092182e-05,9.67564e-05,0.0030090366,0.00014327739,1.9964575e-05,0.0037912156,0.00034054776,0.00019700974,0.002705587,0.00032371466,4.6375604e-05,0.00044642095,4.5537497e-05,0.0005222338,0.0008194726,0.0007569593,0.0006743233,0.0024242902,0.00025273467,0.003752494,0.003405748,0.041150957,0.0016938361,0.00054264197,0.00083958125,0.00013712884,0.37638593,0.0007327501,0.00024892244,0.923829,0.00023775957,0.009859358,0.008465224,0.9307338,0.003279668,0.0007619375,0.00036716962,0.7737135,0.9405624,0.9527955,0.00018660458,0.90695333,4.4388362e-05,0.0002615427,0.015321766,0.0012415749,0.00025114696,0.0063705724,0.0001875103,0.00084020646,0.0078584775,0.0031674423,0.00018116609,6.680237e-05,0.00064147287,4.059624e-05,0.0002950822,6.2242056e-05,0.000183438,0.00071521796,0.0010768002,0.0062760795,0.00095623406,0.0026637916,0.0039617647,0.0020806566,0.0012550832,0.002636259,0.0005032831,0.00094277755,0.00037835166,0.0003981709,0.0008749362,0.00036861864,0.0027843204,0.0035319512,0.0005721857,0.0040671444,0.001669139,0.00045763946,0.0015427283,0.0011393066,0.0009187224,0.0010365634,0.0070279627,0.001423316,0.001937711,0.001043646,0.00046695807,0.0038174528,0.007583454,0.003555523,0.0011979126,0.00025782516,0.00023620592,0.0010219325,0.002258255,0.0012532043,0.0046458053,0.000741374,0.0017421409,0.00026029852,0.0015475212,0.0009870746,0.0012285404,0.0005812135,0.0034801858,0.00047613817,0.0029883469,0.0018158394,0.0105024595,0.00073502416,0.0017948531,0.0020921647,0.0023365493,0.00037916363,0.0010501374,0.0020972912,0.0029615266,0.00031573643,0.00083022495,0.000496276,0.00018807549,0.0018653901,0.002335097,0.00063514075,0.002704171,0.00030815572,0.0003264728,0.00047083836,0.0018533259,0.00079410756,0.0006398104,0.005515396,0.0003773111,0.0013686516,0.002093595,0.0015187771,0.0008171757,0.0011122811,0.0006546362,0.0016837065,0.0021072316,0.0010940554,0.00016268039,0.0020263488,0.0003474314,0.0019219448,0.0021912914,0.00029636326,0.0019984683,0.00080054067,0.001370376,0.0014478475,0.0010250363,0.00037606302,0.0043722205,0.004143089,0.00013698029,0.0004177502,0.0010501427,0.0037834859,0.0021656714,0.0005378858,0.0010437994,0.0023709147,0.0031605596,0.0032935215,0.00022999951,0.003956859,0.0015484702,0.0014082093,0.0008726389,0.00037353064,0.0023447904,0.00050362654,0.0011652213,0.002144494,0.0017827128,0.0011694399,0.001878127,0.0031831376,0.0037549487,0.0022706257,0.000816963,0.0036379134,0.000894726,0.003261207,0.00073052256,3.6169968e-05,0.003901241,0.001269372,0.006513483,0.0011936032,0.0018671047,0.00020926008,0.004250769,0.0016196218,0.0036804755,0.00052063784,0.004634368,0.0054218285,0.007853432,0.0017351129,0.0007157219,0.001011822,0.00035423224,0.00021157981,0.0019798016,0.0008252538,0.00031389392,0.00084691314,0.011560761,0.00092147174,0.0010100052,0.00014494035,0.0037157089,0.00020165154,0.0033592843,0.00035875573,0.0038432311
BC2026_Train_0001_S08_20250606_030007_60,0.0013386902,0.6040568,0.011559733,0.0031073424,0.0005405864,0.00014982143,0.00014762091,0.00018985788,0.0010540797,0.006261264,0.0111112585,0.0018925868,0.00026639667,0.00021576833,0.00018498968,0.0033355306,0.00028135,3.8906666e-05,0.0044496474,0.0006452755,0.00050040736,0.0031533693,0.00048090704,4.435426e-05,0.0007650083,8.025407e-05,0.0008599574,0.0010056602,0.0025777945,0.0015160564,0.0025960207,0.00041867467,0.010278294,0.012509053,0.08801422,0.005645767,0.00056920975,0.0011080897,0.00028626667,0.38865486,0.0008812908,0.00047640363,0.9198371,0.0003715437,0.01079783,0.009677143,0.9233142,0.011042638,0.001233186,0.00041820089,0.78417957,0.9369152,0.9484471,0.00026407407,0.9079528,0.00010369586,0.000396478,0.021899013,0.0048242137,0.0002788479,0.0067797084,0.00018368264,0.0017574516,0.010540435,0.0043037552,0.00022069992,0.00016996158,0.0013071977,7.405294e-05,0.00072620134,0.00011219833,0.00020831182,0.0010192485,0.0012158005,0.024690498,0.0010050676,0.0033842074,0.004539399,0.0021919615,0.0015822671,0.0033988527,0.0006825998,0.0010933285,0.0006857606,0.00048788285,0.0010281844,0.00042439243,0.003102816,0.004063319,0.0009404917,0.004153397,0.0037655453,0.0007532896,0.0016117296,0.002216858,0.0017002274,0.001318635,0.011184903,0.002375319,0.0021046568,0.0012441593,0.00055398315,0.0047146855,0.010485204,0.0052775713,0.0014242785,0.0003606614,0.00039179344,0.0015378895,0.0026073942,0.0013349208,0.004903476,0.0007558522,0.002373191,0.0005106648,0.0017914583,0.0013183482,0.0014518902,0.0011086108,0.003617052,0.000867874,0.0034768996,0.0021812594,0.011231253,0.0014310963,0.002290542,0.0028563563,0.002672811,0.0004969966,0.00120686,0.008017842,0.0032004847,0.00043883422,0.001210036,0.00083769194,0.00038923474,0.0028065878,0.0033927925,0.0008719732,0.0047807465,0.00036474568,0.0004225364,0.00058335246,0.0030335905,0.0020854194,0.00078332366,0.005618559,0.00040200943,0.0013469564,0.0028286572,0.001978233,0.0010918534,0.0015166542,0.00068960374,0.0021152613,0.0023888922,0.0014490626,0.00026019083,0.002111388,0.0005687855,0.0021186988,0.0025337664,0.00038907962,0.0019556966,0.0009741358,0.0016180048,0.0015398309,0.0011102211,0.00046923952,0.006235486,0.005341942,0.00018544949,0.0005784622,0.001337004,0.0042032497,0.0023623805,0.0007126019,0.0011516642,0.0029440187,0.011861524,0.0036594803,0.00034495743,0.004735701,0.002062148,0.0016023726,0.0009784889,0.00044770734,0.0027066472,0.0006416349,0.0012294875,0.0027989845,0.0023707757,0.0011923125,0.002044644,0.0039123334,0.0044059,0.002962707,0.0009093121,0.005109749,0.0010583517,0.0034409948,0.0011051056,6.0691294e-05,0.0040145414,0.0014231697,0.0053657396,0.0015435644,0.002518821,0.00038182765,0.0043895855,0.0019205245,0.0037377905,0.0008676093,0.005492449,0.012497017,0.009919648,0.0018773655,0.0011503358,0.0011027427,0.0005385147,0.00024701722,0.0023248652,0.0010655263,0.00038125794,0.00089436024,0.01195094,0.0010684349,0.0014303195,0.00022753369,0.0038997452,0.0002710193,0.0037245518,0.00043406733,0.0045314655
BC2026_Train_0002_S08_20250607_030007_5,0.0010463131,0.02869799,0.0002495802,0.011946938,0.00052784884,0.00018181551,8.319227e-05,0.0001868898,0.0009059189,0.0134587865,0.008212435,8.8098524e-05,0.00022372576,0.000102743135,0.0001481471,0.0043517537,0.00020124829,4.176516e-05,0.013481098,0.0005139186,0.00017098691,0.0024703424,0.00059284683,2.8383463e-05,0.00059780007,0.000108322536,0.0008393811,0.0005854254,0.0005372945,0.0006588994,0.19184963,0.00042837462,0.008762436,0.00037132698,0.002102032,0.0006296344,0.0010273864,0.0034708225,0.0002609219,0.022296734,0.0016368518,0.0004913084,0.39073977,0.00056657847,0.0044613727,0.0052016927,0.3053358,0.010797846,0.0015803885,0.0017955336,0.20362838,0.3969138,0.418081,0.00034061912,0.5103567,0.00010909938,0.0009818532,0.018241439,0.0003289328,0.0002165819,0.0045040636,0.000111840694,0.001083949,0.0074670855,0.0054587075,0.00018555662,6.450809e-05,0.00029905612,6.792311e-05,0.0002980539,0.00013283377,0.00014474471,0.001549154,0.0010047695,0.000451409,0.001980661,0.005077477,0.0049365405,0.002921996,0.0019269298,0.0031599165,0.0005653358,0.0011026829,0.00053097197,0.0004041895,0.001703735,0.00069062447,0.0035138545,0.0071334327,0.0007530579,0.004264197,0.0014119569,0.0008962028,0.002456965,0.0013825422,0.0012620292,0.0008803973,0.018291427,0.0015808613,0.001859486,0.002054513,0.0004062492,0.007167012,0.007331893,0.003766976,0.0016006443,0.0009568906,0.00011540403,0.0016082138,0.005593493,0.001333127,0.00443152,0.0010448464,0.003803131,0.000516615,0.0028104046,0.0013697582,0.0012524204,0.0012172599,0.0048913658,0.0012488635,0.007992204,0.003988103,0.0137668215,0.0005394504,0.0013864939,0.0025488758,0.003238983,0.0007733138,0.0023587886,0.0008386941,0.0032452084,0.00075674016,0.001261108,0.0005824171,0.00036405696,0.003258125,0.0056818663,0.0012217907,0.004619199,0.0006926169,0.00069792644,0.0007186556,0.002178293,0.0004321236,0.00045119924,0.008953048,0.0005368981,0.0020115876,0.0030775869,0.0015812047,0.0005646654,0.0019877928,0.0010423273,0.0018210008,0.0035369834,0.001954726,0.00024116105,0.0036014477,0.00077226624,0.001958136,0.0037877483,0.0005529552,0.002631986,0.0009690228,0.0041403323,0.0011214247,0.0011550124,0.0015256526,0.007344294,0.0056210672,0.00013190617,0.0007861389,0.001976774,0.0035790447,0.0013300644,0.0008879215,0.0014233375,0.0027190242,0.00086153793,0.003230516,0.0007248847,0.0046605216,0.0023056644,0.0022645984,0.0017782105,0.0008664164,0.0038239607,0.001066617,0.0015157028,0.0027151355,0.0021887277,0.0008353421,0.0027318415,0.0052508293,0.0055889273,0.002672009,0.0020827414,0.0035757825,0.0012586685,0.0047042905,0.0015388243,6.047616e-05,0.00486392,0.001484307,0.004840213,0.0014160358,0.0029198981,0.0004224262,0.0061455667,0.002616114,0.005744848,0.0013740589,0.006696937,0.007573145,0.012149051,0.0039112857,0.0010039542,0.001790884,0.00052575395,0.0003770418,0.0049325177,0.00152308,0.00046537034,0.001717477,0.014808804,0.0014418308,0.0021200404,0.00014341397,0.004626961,0.00021850242,0.004858292,0.00049105467,0.009405836
BC2026_Train_0002_S08_20250607_030007_10,0.0011728369,0.033640176,0.000189316,0.011439714,0.00033469716,0.00012565944,5.6634228e-05,0.00014187499,0.0008510011,0.016819155,0.007835065,5.906665e-05,0.00015206837,7.46125e-05,0.000109861794,0.00347601,0.000171353,2.5277504e-05,0.012508648,0.0003225986,0.00013004421,0.0022862249,0.000508268,2.9649662e-05,0.0004338569,7.321404e-05,0.00074130716,0.000596265,0.00054281007,0.0006743302,0.26645884,0.0004020898,0.0077661853,0.00049003336,0.0030053847,0.00073537265,0.0010166337,0.0069242255,0.00022620897,0.02971365,0.0031018343,0.00046379966,0.4580956,0.00056385086,0.0046998607,0.0051225685,0.38386205,0.008218678,0.0020168591,0.0039415103,0.28605983,0.4763143,0.4968961,0.00033152805,0.6137095,6.738146e-05,0.0006239257,0.017878082,0.0001807365,0.00016616823,0.0042099524,9.1822214e-05,0.00087057345,0.006938962,0.0036012249,0.00016371041,6.895482e-05,0.00026221402,4.7659552e-05,0.00024096883,0.00010740176,0.00012886054,0.0012848976,0.000953932,0.00040352665,0.0016730472,0.004970642,0.0046241605,0.0025901047,0.0015965243,0.0030973419,0.00054567104,0.0009429419,0.00050122204,0.00033682183,0.0013959866,0.0006047516,0.003442848,0.0070366072,0.00056910625,0.003959064,0.0013047567,0.0009229209,0.0019328159,0.0010688535,0.0008255996,0.00080486754,0.02056851,0.001736728,0.0017660434,0.0018987457,0.0003804837,0.005962487,0.007811328,0.0035731234,0.0013601193,0.000759658,0.000104775354,0.0015231232,0.0043065343,0.0010564079,0.0034299092,0.00083025516,0.0026286684,0.00033378412,0.0022832134,0.001114817,0.0010153106,0.0011348801,0.004459437,0.0006223103,0.0054912795,0.0032926768,0.013417936,0.00053654873,0.0015837911,0.0022304181,0.0025901957,0.0006239828,0.0019694483,0.0005751853,0.0032331469,0.0004296577,0.0011750405,0.00053473876,0.00022743187,0.0025864828,0.0044059926,0.0009858448,0.005100999,0.0005693742,0.00057186227,0.0006179508,0.001873652,0.0003720245,0.00041364122,0.007584955,0.0004089582,0.0016578226,0.0025882835,0.0012475937,0.00056186196,0.0019085936,0.0008724796,0.0017436077,0.0026382285,0.0016035436,0.00021657326,0.00284664,0.00047521878,0.0020785162,0.0032280013,0.00048577882,0.0024306588,0.0009578063,0.0043591512,0.0011771909,0.0011146719,0.0012170577,0.006707134,0.0050506536,0.00012287036,0.0006574764,0.0018683288,0.003810436,0.0012433855,0.0007817387,0.0012380301,0.0022858195,0.0006060356,0.0023942455,0.00058173307,0.0049330625,0.0022805932,0.0021778438,0.0016164046,0.00093561405,0.003151587,0.0008382736,0.0011966414,0.0026920838,0.0021024274,0.00079774397,0.0023424164,0.0047237845,0.0051452764,0.0025403243,0.0016792926,0.0034782945,0.0010547073,0.00437115,0.0012695635,4.3179687e-05,0.0041433373,0.0013817495,0.003959687,0.0013216962,0.0022335136,0.00035150343,0.005697042,0.0023945067,0.0051295077,0.0010557107,0.006362106,0.0068900352,0.013364653,0.0033613183,0.00079209683,0.0014904147,0.00046836797,0.0003408035,0.0044248626,0.001449483,0.00036586836,0.0012006011,0.013083372,0.001043352,0.0014599457,0.00011551332,0.0044373437,0.00023435781,0.0043593114,0.00043623763,0.009557916
BC2026_Train_0002_S08_20250607_030007_15,0.0010129983,0.029403556,0.00016980401,0.012652347,0.00032842034,0.00011961045,5.5245917e-05,0.00013361286,0.0010381459,0.025324523,0.009051747,6.466422e-05,0.00015603508,7.544926e-05,0.00011183439,0.003425408,0.00018517672,2.6699714e-05,0.014071362,0.0002752291,0.00013578145,0.0023389927,0.0005108802,3.328661e-05,0.0003800791,6.807442e-05,0.00086785096,0.00053515506,0.0005273685,0.0008235838,0.28592122,0.00039536823,0.009155696,0.00078749255,0.0024911133,0.00084281,0.0013442199,0.0042609135,0.00025767754,0.024653006,0.0019074671,0.0005338741,0.43387014,0.00060159137,0.005816373,0.0062185284,0.34170118,0.00881136,0.001515073,0.0022700122,0.25382447,0.44242597,0.45976377,0.00036423834,0.57775676,6.3080806e-05,0.0005284983,0.021950005,0.00014477216,0.00017056448,0.0043676966,9.333143e-05,0.00096129003,0.007169774,0.0031638194,0.00018189895,9.61503e-05,0.00023555673,5.1118448e-05,0.0002543926,0.00014505361,0.00013795531,0.0015824732,0.00090753974,0.0005261761,0.0018004859,0.0056924853,0.0052797995,0.0030276575,0.0017002387,0.0031576985,0.00067626237,0.001178857,0.0005790773,0.00034360957,0.0015437966,0.00079432386,0.0041034543,0.0073922733,0.0005991848,0.003954913,0.0014406231,0.0010192023,0.0020506575,0.0011269377,0.0007309332,0.00075562624,0.018177385,0.002004843,0.0019141434,0.0026447936,0.00047465542,0.0062302044,0.00851515,0.003652477,0.0014675679,0.000982699,0.00011161273,0.0018553527,0.0045957877,0.0011691684,0.0032792047,0.0009381283,0.002926555,0.00038163926,0.002500771,0.0011707798,0.0009812738,0.0015601519,0.005101606,0.00053908164,0.005805344,0.0038835055,0.014678288,0.000507776,0.0020108453,0.002258594,0.0027733487,0.00078500697,0.0020889346,0.0005228547,0.0032450263,0.00038909094,0.0014008814,0.00060570426,0.00023665077,0.002534175,0.0046524946,0.0012294643,0.006569475,0.0006839606,0.000600912,0.0008252293,0.002173063,0.00037707473,0.00047029296,0.008793617,0.00044723795,0.001856989,0.002473653,0.0013541356,0.0007008005,0.0025737006,0.0009996468,0.002131577,0.0028876688,0.001858071,0.00026910097,0.0028837959,0.00044623285,0.0021518453,0.0035037447,0.00058553414,0.002779519,0.0010675743,0.0049419673,0.0012235765,0.0011700655,0.0015301777,0.00741809,0.0056330753,0.00013981009,0.0007951264,0.0024462324,0.0039472915,0.0011188688,0.000906816,0.0014792719,0.0025943306,0.0006058903,0.0029383826,0.0007006606,0.0055062505,0.003032919,0.0025342104,0.0018113063,0.0011200216,0.0034630212,0.00089115754,0.0012291939,0.0034249001,0.002259698,0.0008697612,0.002528722,0.005352462,0.0056715137,0.0029744194,0.0018839105,0.0035288576,0.0009407404,0.0050538136,0.0015092458,4.5402165e-05,0.0045333095,0.0015727028,0.0043038423,0.0013464619,0.002074341,0.00051089015,0.0065818294,0.0027169983,0.005433974,0.0011318448,0.0070733614,0.008055779,0.016162047,0.0037199545,0.00088980765,0.0017108861,0.000513169,0.00044402503,0.005255599,0.0015904349,0.00042234955,0.0011369563,0.014774375,0.0010951913,0.001377715,0.00012624142,0.005134933,0.0002568596,0.0044895085,0.00046301424,0.011004529
BC2026_Train_0002_S08_20250607_030007_20,0.0011877281,0.02459028,0.00018511512,0.015969828,0.00048392793,0.00014682808,6.666322e-05,0.0001813921,0.0012986811,0.02669135,0.011659036,7.688655e-05,0.00023428083,9.146686e-05,0.0001233688,0.0036201894,0.00023967082,4.387001e-05,0.015915263,0.00039854407,0.0001856842,0.0023635805,0.0005808872,2.9530029e-05,0.00045976453,8.292092e-05,0.00088191405,0.0005384574,0.0005845611,0.00085560867,0.29388848,0.00045930073,0.009363378,0.000727198,0.0016957221,0.0008880077,0.0012234538,0.0059645586,0.0002926933,0.015950764,0.0021944637,0.0006077642,0.42160073,0.0006984565,0.0045736837,0.0051129246,0.27743185,0.011399975,0.0016900639,0.003395361,0.2300536,0.42182726,0.43166143,0.00038850826,0.5364673,9.435503e-05,0.0006094833,0.027770096,0.00021341606,0.00025194447,0.004430124,9.15272e-05,0.0010935386,0.0073454618,0.0029988976,0.0002033141,0.00011473523,0.00024228606,5.9607028e-05,0.00035715022,0.00017088985,0.00019088638,0.0017318742,0.0009996344,0.000563757,0.0021667809,0.0059948326,0.005341584,0.0030035784,0.0018990136,0.0031541064,0.0008150276,0.001211226,0.0005359578,0.00039221125,0.0017820814,0.0009375139,0.004369694,0.0075263046,0.000651307,0.003906897,0.0015776355,0.0009491145,0.002225245,0.0012580559,0.0009173058,0.000787965,0.021673184,0.0019025654,0.0018789141,0.0024492652,0.0005707392,0.0069745863,0.009125751,0.0042541665,0.0014731067,0.0010380805,0.000118377415,0.0021181477,0.0053658565,0.0012951719,0.003260162,0.0010406604,0.0035278597,0.00057026336,0.002810411,0.001180822,0.0010621258,0.0018779485,0.00470212,0.0013141619,0.006095823,0.0040948726,0.014422077,0.0006533149,0.0017373187,0.002196795,0.003213515,0.0009703161,0.002333709,0.00058640266,0.0031435974,0.00042557577,0.001385538,0.0006722641,0.00037356254,0.0041702334,0.0053037866,0.0013681123,0.009595757,0.0006124155,0.0006850707,0.00096404843,0.0023163042,0.00067653344,0.0004637905,0.009408731,0.0005245889,0.0020267814,0.0025107458,0.0014882417,0.00067296735,0.0026301513,0.0012138879,0.0022345183,0.0031313626,0.0022348082,0.00032031143,0.003144508,0.0006052924,0.0020242385,0.0039548166,0.00067522866,0.0031180251,0.0011670842,0.005926332,0.0012760883,0.0012213571,0.0019416278,0.0076486603,0.0058760787,0.00015165942,0.0009038932,0.002783786,0.0034144854,0.0011115499,0.00091183145,0.001977393,0.0025868309,0.00072204525,0.0029732394,0.000853545,0.005690794,0.0029558393,0.002825029,0.0019368301,0.0011896086,0.0035334425,0.0009276,0.0013104453,0.0041078287,0.002362691,0.0008763052,0.0026930901,0.0055020135,0.005882975,0.003008543,0.0023098707,0.0036417283,0.0010040393,0.005494436,0.0017910516,6.2081104e-05,0.005034845,0.0018952774,0.0042316257,0.0014926015,0.0022762548,0.00076395494,0.006948746,0.002711026,0.005496886,0.0012917689,0.0070243143,0.010659585,0.01538524,0.0043154466,0.0010105337,0.0020733078,0.00050613284,0.0005086536,0.005386813,0.001543958,0.0005206736,0.0012605767,0.015149383,0.0012516454,0.0015750829,0.00015725689,0.0047820546,0.0002860046,0.004166835,0.00046972962,0.011101092
BC2026_Train_0002_S08_20250607_030007_25,0.0011610152,0.025373492,0.00016655982,0.016102973,0.00070478185,0.00013207336,5.668097e-05,0.00017732709,0.0010365485,0.026959319,0.011370157,6.4444976e-05,0.00027591168,8.281812e-05,9.8717035e-05,0.0035008145,0.00016835728,6.780083e-05,0.016081963,0.00055241317,0.0002337351,0.0023320634,0.00048564858,2.4715651e-05,0.00039583008,6.240084e-05,0.00078469364,0.00051552616,0.0005681936,0.0008032898,0.29567337,0.00041388656,0.008017069,0.00044934577,0.0020135413,0.00077670097,0.0010312498,0.008172059,0.00023263105,0.01707399,0.002975285,0.0006153793,0.44584268,0.0006724594,0.0036429663,0.004267675,0.3309353,0.0111832535,0.0019083837,0.004649839,0.27053556,0.44738656,0.45894223,0.00036527807,0.59059006,9.6247146e-05,0.00056086207,0.026908573,0.000261008,0.0003110974,0.004361639,8.186356e-05,0.0009554004,0.0072141215,0.0028710135,0.00017776604,8.132855e-05,0.00022068691,5.2228177e-05,0.00040885503,0.00013775224,0.00017061534,0.0016013347,0.00089640194,0.00042375582,0.001911734,0.0053826487,0.0047805826,0.0026445037,0.0016895336,0.0029914747,0.0006391274,0.0009961942,0.00050814816,0.00035488865,0.0015002042,0.000811965,0.0037390636,0.0072019245,0.0006058619,0.0043529044,0.0013929696,0.00089259486,0.0020182834,0.0011217173,0.001027615,0.00071412063,0.021423142,0.00163277,0.0016299298,0.0019478532,0.00045912695,0.0067779175,0.009110876,0.0037068557,0.001436017,0.00080590096,9.059892e-05,0.0017849373,0.0051481896,0.0011346053,0.002987196,0.0009193787,0.0030405936,0.0006732376,0.00260786,0.0010375456,0.0010240998,0.001401203,0.0041814703,0.002896492,0.0056171464,0.0036452028,0.013576478,0.00072555087,0.0013633572,0.0021507822,0.0029395297,0.0008196136,0.0024261544,0.0005178577,0.0030709803,0.00037785215,0.0011271798,0.00056853186,0.0004504857,0.007723851,0.005228503,0.0012220873,0.013371039,0.0005823808,0.0006276985,0.00070012425,0.0020697257,0.0011481958,0.00047473068,0.009323896,0.0004815476,0.0017727857,0.0024979983,0.0012385944,0.0005539497,0.0020507546,0.0010254652,0.0019672175,0.0028413737,0.0019971803,0.0002880597,0.0028208443,0.00067545124,0.0020174359,0.0037113812,0.0005618222,0.0028926951,0.00106463,0.0055981628,0.0009809224,0.0010687824,0.0017557302,0.0072114673,0.005547567,0.000120542696,0.00074014155,0.002388772,0.0031658963,0.0010275696,0.0007501705,0.0021345846,0.0022775277,0.00061532407,0.0025320405,0.0007320653,0.0050860588,0.002450183,0.0027739704,0.0018953035,0.0010954564,0.0031618865,0.0008435033,0.0011937759,0.0033743985,0.0021734918,0.0007570014,0.0026628578,0.0048890226,0.0051101074,0.0024791134,0.0020928932,0.0033736296,0.0008838273,0.00488087,0.0015578709,6.382178e-05,0.0047874064,0.0016405781,0.0039218143,0.0015805335,0.0021107267,0.0005152521,0.006443189,0.002494041,0.0053143604,0.001193309,0.006666079,0.009334357,0.01389267,0.0040293573,0.0009949697,0.0018582611,0.00044055618,0.00043987352,0.0049269376,0.0013590027,0.0005469667,0.0011304248,0.013744045,0.0010658769,0.0014653283,0.00015159303,0.0043883803,0.00025546184,0.00388209,0.00041695987,0.010520914
BC2026_Train_0002_S08_20250607_030007_30,0.0011954233,0.024708,0.00013679109,0.013326313,0.00042286393,0.00010942913,4.9435417e-05,0.00012400022,0.0007928411,0.01927861,0.009449664,5.1672658e-05,0.00017218933,7.205517e-05,8.552357e-05,0.0033953937,0.00015356076,3.805006e-05,0.017260244,0.00035519994,0.00016807459,0.0023137704,0.0004299853,2.2760725e-05,0.0003775213,5.7615787e-05,0.0005800721,0.00051462214,0.00041928145,0.0006571187,0.29679197,0.00036318094,0.007962048,0.0003476871,0.0026624254,0.00057549786,0.0009974169,0.0058224355,0.00018193106,0.026394324,0.0022056478,0.0004717739,0.4913442,0.00054343697,0.0027248773,0.0031267034,0.32003435,0.009112022,0.001660843,0.0030047074,0.3276691,0.51120144,0.52942145,0.00031294388,0.6204448,6.586923e-05,0.0005174757,0.024098089,0.00017714256,0.00021605848,0.0043167826,8.06415e-05,0.0007875372,0.0070440564,0.0029266686,0.00014639385,5.537191e-05,0.00021396842,4.2964206e-05,0.00027428108,9.743783e-05,0.00014157034,0.0013081165,0.0007983744,0.00033284342,0.0017322026,0.00492723,0.0044387686,0.002410613,0.0015090258,0.0031086286,0.0005222682,0.00095477724,0.0004609332,0.00031911719,0.0013596332,0.0006727382,0.0033733826,0.007175855,0.0005204328,0.003904593,0.0011994577,0.00088527997,0.0018744785,0.001008771,0.0008355928,0.00073648756,0.01869073,0.0015016865,0.0015750268,0.0017206282,0.0003888337,0.0060674082,0.008074195,0.0034952764,0.0012894565,0.0007016084,8.1873746e-05,0.0015302682,0.004468175,0.0010491003,0.0029921276,0.0007933392,0.0025752196,0.0004000638,0.0022769272,0.0010847854,0.0009188142,0.0011268249,0.0042071156,0.0013185721,0.005047504,0.0031087003,0.013237018,0.0005468825,0.0012758144,0.002057842,0.0027399166,0.0007101963,0.0021637548,0.00046547374,0.003068646,0.0003889805,0.0010333336,0.0004893924,0.00028785286,0.0041911015,0.004546459,0.0010514138,0.008125588,0.0005572539,0.00060586166,0.00060321897,0.0019667712,0.00058360596,0.00038111294,0.009317778,0.00041412245,0.0016314033,0.0024462824,0.0011894552,0.00049012905,0.0017549451,0.0008559242,0.0017314632,0.002623,0.001724974,0.00021845405,0.002651428,0.0005033534,0.0021123863,0.0032142005,0.0004642514,0.0024870145,0.00097398553,0.0047314516,0.0008659418,0.0009665076,0.0014425138,0.0067283125,0.0051398794,0.00011417199,0.0005790432,0.0019278987,0.003083304,0.001138391,0.00070860743,0.0015429526,0.0021373585,0.0005527835,0.0022926747,0.0006183053,0.0047403337,0.0020927605,0.0023317942,0.0017582375,0.0008936954,0.0028037846,0.0007684618,0.0011969415,0.002999841,0.0019212549,0.0007408397,0.0023337302,0.0044909525,0.004821938,0.0023095473,0.0017560069,0.0032580257,0.00081938313,0.004421711,0.0013224508,4.1355444e-05,0.0043573547,0.001352342,0.0036999963,0.0013324884,0.0020124107,0.00037204678,0.005648423,0.0023306855,0.0054556336,0.0009930851,0.0064937663,0.008209064,0.012159249,0.003392831,0.0007866322,0.0015429809,0.00045739685,0.00036985287,0.0044231517,0.0013972169,0.0003823709,0.0010711245,0.013055691,0.0009267087,0.0013779319,0.000112606656,0.0043947175,0.00022032628,0.004147914,0.00041222162,0.008791762
BC2026_Train_0002_S08_20250607_030007_35,0.0013480488,0.029138971,0.00016611256,0.0076217814,0.00031394433,0.00010522877,5.2965977e-05,0.00010951407,0.0008415038,0.015037139,0.008289729,5.8116715e-05,0.000121323465,6.924704e-05,9.0666326e-05,0.00353087,0.00020660083,2.8682056e-05,0.014404966,0.00026118217,0.00011779903,0.002385502,0.00047845772,2.5089037e-05,0.00044241527,6.328999e-05,0.00066623755,0.0005019012,0.00046024288,0.00051651284,0.3266603,0.0004012301,0.010059301,0.0004072736,0.0030409866,0.00062523264,0.0010238044,0.00817658,0.0001961698,0.03079126,0.0027815045,0.00042739089,0.501259,0.00059658516,0.0025527896,0.0028558252,0.30153695,0.009818786,0.0020093739,0.0048759733,0.34952113,0.5230462,0.5422278,0.00030414865,0.63815916,5.748607e-05,0.00067605975,0.019870995,0.00013822019,0.00017387824,0.004367688,7.348281e-05,0.00070952566,0.0071891854,0.0029825412,0.0001434263,5.475841e-05,0.00021766032,4.9853308e-05,0.00019991215,8.709126e-05,0.000116758325,0.0011921984,0.0007824173,0.00042816167,0.0017740658,0.005095233,0.0044853734,0.0025550346,0.001567592,0.0030450465,0.00056094053,0.0008411601,0.00042323707,0.00029144943,0.0013634698,0.0005693257,0.0035491262,0.006694481,0.0004891555,0.0035041308,0.0011109889,0.00083843037,0.0020304217,0.0010951968,0.00072631857,0.0007523533,0.01890453,0.0014791393,0.0016458696,0.0018422029,0.0003839436,0.0055638044,0.0067766183,0.0035576113,0.0012433933,0.0007447813,8.422733e-05,0.0015407229,0.0042134156,0.0010012703,0.0028738345,0.0006617268,0.0025310959,0.00030791707,0.002156649,0.0010780483,0.0009013321,0.0012084913,0.003845808,0.0009771683,0.0051964987,0.0029397386,0.0129411835,0.00047630668,0.001274471,0.0020669189,0.0025176515,0.00067178847,0.0020930087,0.0005926701,0.0032220273,0.00032704632,0.0010273111,0.00049062405,0.00023716921,0.0044105193,0.0040924894,0.0010128806,0.0047421893,0.00051288714,0.0006261601,0.0006536292,0.0019620033,0.000310769,0.0003221531,0.0076461216,0.00034854645,0.0016837828,0.002364189,0.0011948341,0.0005118199,0.0017364522,0.00080464245,0.0016322072,0.0025766657,0.0017446185,0.00018393192,0.0031665913,0.0004738986,0.0021243535,0.0030442225,0.00048824202,0.0024197444,0.00096500013,0.0042732316,0.00090970064,0.0010001541,0.0012851261,0.006305899,0.004967108,0.0001185207,0.0005921717,0.0019830565,0.003208328,0.0011769079,0.0008023714,0.0012652643,0.002195419,0.0005713681,0.0023403603,0.00060406036,0.0051460667,0.0021568914,0.0021777044,0.0016466116,0.00089989917,0.00278039,0.000722616,0.0012392375,0.0031983904,0.0016623971,0.00078257656,0.0022692885,0.004524327,0.0047863545,0.0024117774,0.0017020038,0.0032788669,0.0008834546,0.0042594513,0.0012851681,3.3502663e-05,0.004402053,0.0013646239,0.0035976206,0.0011454927,0.0019480463,0.00038439114,0.0056491625,0.0023223772,0.0056650643,0.00093857717,0.006170371,0.007105721,0.01116348,0.0031894806,0.0006989018,0.0014219412,0.00046208504,0.00033912057,0.0049409484,0.0013147844,0.00033776934,0.0011101088,0.013109453,0.00091302133,0.00122453,0.00010504367,0.0042192624,0.00020372988,0.0040130224,0.00039987834,0.009280945
BC2026_Train_0002_S08_20250607_030007_40,0.0015187203,0.16213915,0.0011572827,0.006169122,0.00032113778,0.00012870652,6.962324e-05,0.00013291897,0.0008484767,0.016187275,0.009861077,0.00031758685,0.00015493995,0.0001085362,9.913792e-05,0.0036291354,0.00017660824,0.00012133425,0.011136087,0.00044090668,0.00011269956,0.002509709,0.0005656602,3.1308162e-05,0.00047888493,6.925849e-05,0.0009441274,0.00055159756,0.00081886176,0.0007042748,0.29919344,0.00042252606,0.009864802,0.0027151809,0.010533847,0.0012792292,0.001010241,0.012495424,0.00021645737,0.03704951,0.0040385737,0.0004541403,0.4643316,0.00061404234,0.003164382,0.003305097,0.33696067,0.014303942,0.0027432758,0.009174498,0.30762646,0.47568682,0.49049905,0.00032157137,0.63750124,6.579051e-05,0.0011494119,0.018562838,0.00026322276,0.00028840936,0.0046278983,7.36253e-05,0.0006323823,0.007453992,0.0032043904,0.00016875307,6.276159e-05,0.00032635627,7.3964016e-05,0.0003118542,0.0001013581,0.00013696185,0.0011843718,0.0008627026,0.0037832665,0.0019960331,0.0047321953,0.0048045977,0.002661101,0.0020491874,0.003224213,0.000530777,0.0008350949,0.000424643,0.0003333317,0.0013498409,0.00061841763,0.0036338135,0.007190815,0.0004977644,0.0039029699,0.0014909554,0.00082609867,0.0023401196,0.0013894204,0.0007566216,0.0007534771,0.021758158,0.001433667,0.0017778893,0.0018529099,0.00036889606,0.006262895,0.007111557,0.005123119,0.0013920675,0.00092263456,9.216428e-05,0.001704141,0.0044866796,0.0010582235,0.0028661601,0.00066522945,0.0027740668,0.00028725725,0.0021749178,0.0011661256,0.00097526895,0.0012185714,0.0039302083,0.002144448,0.006010973,0.002953136,0.012327618,0.0008847158,0.001236434,0.0021048135,0.002564367,0.00072148826,0.0021805237,0.0035873093,0.0033479882,0.00033525482,0.0010343044,0.0005172434,0.00023905346,0.00937102,0.0045019467,0.0011822322,0.004961315,0.0005892019,0.0006273656,0.0007068373,0.0020289319,0.0006491456,0.00032901502,0.007754336,0.00038840185,0.0018049926,0.002426574,0.0011063552,0.0005391692,0.0018571889,0.00093089143,0.0016346807,0.0026962108,0.0019009183,0.00020623361,0.0040364196,0.0005797068,0.0020347799,0.0030691647,0.00062199583,0.0028411187,0.0009449354,0.0046816044,0.0010640168,0.0011191043,0.001433344,0.006651851,0.0051062726,0.00013468214,0.0006986352,0.0022841706,0.0035439339,0.001249529,0.000716115,0.0014032922,0.002687699,0.00080908043,0.002287648,0.00061152066,0.005087029,0.002331262,0.0022112955,0.001598372,0.0009777093,0.003061477,0.0008149976,0.0012954082,0.003068388,0.0017012368,0.0009079864,0.0026819727,0.004711116,0.004943253,0.0025047082,0.0019256502,0.0034879616,0.0010667574,0.0041598985,0.0012939323,4.3216252e-05,0.0048375786,0.0016057453,0.0034410194,0.0012919735,0.0020842995,0.00040390936,0.0055935094,0.0023387289,0.0067152246,0.0012416616,0.0060840095,0.008183288,0.010861611,0.0031203104,0.00069986004,0.0013877386,0.00052633585,0.00035373683,0.0046640113,0.0012562816,0.0003757109,0.001190894,0.013390378,0.0009387431,0.0012079979,0.00012443452,0.003955313,0.0002092488,0.0039451704,0.00042072684,0.009413533
BC2026_Train_0002_S08_20250607_030007_45,0.001551333,0.46192676,0.0034663237,0.008554022,0.00041902534,0.00015736796,8.352378e-05,0.00017137335,0.0009595211,0.019778596,0.008334236,0.00092901255,0.00021689599,0.00018805038,0.00012551619,0.0035775346,0.0001916182,0.00029950068,0.011772525,0.0008903965,0.00015485469,0.0025478376,0.0007679897,3.678862e-05,0.00046130468,8.7323824e-05,0.0011043623,0.0005950102,0.0013712762,0.0012226228,0.274448,0.0004621206,0.010881113,0.008168815,0.028514061,0.0027673345,0.0011159793,0.010673048,0.0002673925,0.06273051,0.0032229945,0.0005630268,0.44721678,0.00064019556,0.0037620354,0.003562802,0.33272016,0.022006037,0.0026156767,0.0069605173,0.28079835,0.45472765,0.47175628,0.00038749306,0.62459,8.208128e-05,0.00080793863,0.018644916,0.0005545842,0.000496642,0.004763781,8.68394e-05,0.0007947752,0.0075228834,0.0038427287,0.0001790297,9.181381e-05,0.00059821876,5.9486887e-05,0.00051110977,0.00012140167,0.00017066362,0.0013873065,0.0010487145,0.0113134645,0.001918533,0.0048773596,0.0051562353,0.002835703,0.0020176813,0.0038207665,0.0006234227,0.00093011477,0.000540911,0.00039988774,0.0015355125,0.0007432777,0.0037083875,0.0070655597,0.0006399375,0.00529135,0.0022169787,0.0008672299,0.0020716058,0.0017709992,0.00087354396,0.0008564043,0.020219274,0.0017267875,0.0019336361,0.0022065006,0.0004093176,0.00617538,0.008745954,0.008886215,0.001579239,0.00090087025,0.00011387188,0.001992371,0.0046620904,0.0011109123,0.0032212725,0.0008119886,0.0029253522,0.0003451138,0.0025432038,0.0014501322,0.0011619187,0.001350631,0.004501249,0.0018850098,0.005399008,0.003454895,0.012601154,0.0017769865,0.0013941795,0.0025112228,0.002872103,0.00078596256,0.002767015,0.010077951,0.003728651,0.00044154326,0.0013262491,0.0006436902,0.0003013681,0.0067127766,0.005217299,0.0011319361,0.0067341127,0.00063161924,0.0006843787,0.00077811436,0.0021966938,0.0011300914,0.00040711107,0.007030268,0.0004456036,0.0019371718,0.0027901512,0.00126159,0.0006159659,0.0022465035,0.0010202647,0.0020060935,0.0027401587,0.0018926559,0.00027653607,0.0032018225,0.000570105,0.0018443664,0.0033539895,0.000619736,0.0028707897,0.0010191634,0.0048310054,0.0013602219,0.001281606,0.0015796698,0.007580089,0.0054677743,0.0001511602,0.0007716625,0.0025295606,0.0036905108,0.0012097134,0.0007027272,0.0015726149,0.0028982814,0.0014352114,0.0024357957,0.0006240444,0.0061088223,0.0029034284,0.0023775408,0.0017133702,0.001082951,0.003263837,0.0009834741,0.0013369891,0.0031469897,0.002166924,0.0010385573,0.0026138497,0.005573749,0.005736487,0.002633474,0.0020147783,0.003894194,0.0011344146,0.004594968,0.0013354435,5.9858965e-05,0.0046288385,0.0016775288,0.003945517,0.0015117258,0.0026667896,0.00044609126,0.0061061997,0.0025103495,0.0057659703,0.0017730596,0.0065723113,0.010179108,0.012282787,0.0032018002,0.0007544149,0.0014545234,0.00069219107,0.00041875427,0.005355622,0.0014438608,0.0004266259,0.0011573444,0.01343837,0.001098026,0.001466171,0.00014956294,0.0044467915,0.0002404661,0.004239654,0.00051724527,0.01091666
BC2026_Train_0002_S08_20250607_030007_50,0.0012659554,0.15924342,0.0011926953,0.011426362,0.0003476447,0.00015106557,7.9416684e-05,0.00017253406,0.0009287705,0.024328869,0.008038922,0.00033296878,0.00021146398,0.00015347928,0.00014098219,0.0035846096,0.00017999501,0.00012497487,0.014415491,0.0004934189,0.00016121294,0.0024947766,0.0007880786,3.5795132e-05,0.0004995456,0.00010673437,0.0011002463,0.000614439,0.00084505614,0.0009453624,0.24464081,0.00047382017,0.011431241,0.0029575229,0.010310731,0.001384558,0.0015536504,0.005278881,0.00033626414,0.036876414,0.0016707744,0.00068830344,0.45053995,0.00067033037,0.0036931736,0.0038997622,0.28516307,0.013967597,0.0016116773,0.0024559035,0.30084187,0.46974877,0.4902186,0.00048380054,0.58095926,8.0100544e-05,0.000919572,0.020395407,0.00028761287,0.00028612814,0.004555862,9.160106e-05,0.000787254,0.007299746,0.003688252,0.00018579073,0.00013060244,0.00037257667,6.474459e-05,0.00036253702,0.0001442835,0.00015780493,0.0018724629,0.0009308212,0.0038943323,0.0023541485,0.005745574,0.0058771395,0.003277306,0.0021399453,0.0034782665,0.00072334806,0.0011532231,0.0006568102,0.0004028791,0.0017466373,0.00095071056,0.0044954866,0.008438844,0.00070404384,0.004708275,0.0019837704,0.0010487951,0.0025494255,0.0022624899,0.0009507048,0.00086363364,0.019395174,0.0020783115,0.0020350437,0.0029356263,0.00043697096,0.0062897527,0.009059983,0.0058817114,0.001831912,0.0011428822,0.00013351312,0.0021388785,0.006054846,0.001301897,0.003706594,0.0009427433,0.0034708362,0.00036358545,0.003035674,0.0013422983,0.0013330679,0.0013602728,0.0048236833,0.0014112466,0.0063348613,0.004510473,0.014685913,0.0010371939,0.0014899373,0.0027332904,0.0035210373,0.00097562623,0.0030370336,0.0035548152,0.0037826074,0.0006584611,0.0015321892,0.0007255996,0.00028449003,0.004561315,0.005487024,0.0013729472,0.00863234,0.000830462,0.0009643029,0.00086757814,0.002556361,0.0006385752,0.0003931876,0.008375889,0.0005019139,0.0024893435,0.0027952115,0.0013651386,0.00076366524,0.0029078065,0.0012286829,0.0025527806,0.0030863013,0.0024430414,0.00033554735,0.003354292,0.0006814909,0.0022799142,0.003590016,0.00072505046,0.0035661855,0.0011191505,0.005686476,0.0014548211,0.0015014615,0.0017931329,0.00769154,0.006573335,0.0001484228,0.0010538712,0.0031313235,0.0036446627,0.0012846903,0.0008036146,0.0019199039,0.0030754472,0.0011718668,0.003098904,0.00075184874,0.0057462114,0.0039840536,0.0027097233,0.0021229747,0.0013420018,0.0039789956,0.0011118061,0.0015044947,0.0038538622,0.0025329264,0.0010179643,0.0029486977,0.006486681,0.006344332,0.0029682035,0.0024710882,0.004118767,0.0011099993,0.0058004493,0.0017015972,6.065574e-05,0.005425137,0.0019851362,0.00441308,0.0015202326,0.0029372922,0.00053316413,0.0074969316,0.0030878647,0.0069345315,0.0014876548,0.0074372627,0.010243554,0.015685158,0.0042966437,0.0008916122,0.0019192195,0.00064282375,0.0005956216,0.008116054,0.0015353513,0.00049548084,0.001319899,0.015697693,0.0012227169,0.0017691641,0.00015194036,0.005129647,0.00029591125,0.0047414354,0.0005572224,0.016355239
BC2026_Train_0002_S08_20250607_030007_55,0.0012774878,0.03454622,0.0002257142,0.00947144,0.0003382929,0.00013661284,7.049066e-05,0.00014669615,0.0008959284,0.032155525,0.009216423,7.760391e-05,0.00018755479,0.00011703358,0.00012765561,0.0034941796,0.00019113031,3.9894792e-05,0.0146371145,0.00038375464,0.00023634732,0.002424154,0.0006744357,3.0880852e-05,0.0005400164,9.5509844e-05,0.00093545154,0.00060209876,0.00058660045,0.0008850926,0.2914916,0.00045098434,0.0097292,0.0006545114,0.003179572,0.0008163757,0.0013432858,0.005482615,0.0002903847,0.02905786,0.001750957,0.00059806695,0.48610178,0.0006695953,0.0026489648,0.002826371,0.3184076,0.009460605,0.0016658512,0.0022297178,0.33944312,0.50719196,0.52170515,0.0004166166,0.6236865,7.447305e-05,0.00074467866,0.02122551,0.00015919462,0.00018934751,0.004338612,7.842953e-05,0.0010144416,0.0072521283,0.003236007,0.00018276805,0.00012676705,0.00028131367,5.740342e-05,0.00027261273,0.00018417781,0.00014696993,0.0015718358,0.0008023413,0.00056743616,0.0019343266,0.0058872676,0.0053244666,0.0029941814,0.0018784123,0.0032798096,0.0007306146,0.0010204421,0.0006320236,0.00035368116,0.0016013407,0.0007765144,0.0042547504,0.007974011,0.00067386206,0.0040322654,0.0015083842,0.0010537728,0.0022158439,0.0016561329,0.0010160211,0.000819788,0.01832853,0.002163863,0.0018326268,0.0026200202,0.00039983419,0.00592646,0.009116343,0.004391241,0.0016394344,0.0010790364,0.00014335751,0.0018433036,0.0054158443,0.0011292327,0.0033564097,0.0008554345,0.003490113,0.0004240816,0.0026089987,0.0011356082,0.0012095664,0.0013463388,0.004276104,0.0007781257,0.006046695,0.004057957,0.014138191,0.0006244809,0.0013418196,0.0025819987,0.0029571871,0.0013448553,0.002479841,0.00068695465,0.0034713612,0.00046289392,0.0013242214,0.0007034855,0.00026969844,0.0034090697,0.004747737,0.0011508778,0.0072715175,0.00072238763,0.0007701767,0.0011893187,0.0023414365,0.00047579422,0.0003709192,0.0077559715,0.00043487462,0.002119656,0.0027543704,0.0013005413,0.00067086663,0.0027093608,0.0011153636,0.0022559853,0.0029070969,0.002225899,0.00029754965,0.0031366772,0.000570035,0.0021179705,0.0032923368,0.0006615009,0.0033028517,0.001466646,0.0052811718,0.0013456163,0.0013933991,0.0017131232,0.0069476706,0.00649605,0.0001290899,0.0009022084,0.0025988899,0.003389508,0.0010964079,0.00083113875,0.0016838096,0.0027039163,0.0007599233,0.0026373758,0.0011160295,0.006175253,0.0035454088,0.002497002,0.0019684958,0.0013080896,0.0035355864,0.0009319243,0.0013633166,0.005671835,0.002356705,0.00081997225,0.0024735846,0.005423306,0.005410759,0.002775837,0.0022619711,0.004071513,0.0010293659,0.0050297594,0.0016363313,5.826066e-05,0.004620994,0.001747058,0.0041182414,0.0013694614,0.0025261047,0.0005106274,0.0072259963,0.002756043,0.006084601,0.0011967337,0.007301559,0.011662495,0.016482612,0.0039896774,0.0008499924,0.0017681401,0.0005560965,0.0004982418,0.0067352187,0.0014750434,0.0004331022,0.0012071021,0.01483068,0.0011012125,0.0015191096,0.00013748043,0.004632149,0.0002885267,0.004355465,0.0004916394,0.01846999
BC2026_Train_0002_S08_20250607_030007_60,0.0016054491,0.024500985,0.00025662404,0.007953109,0.00040530344,0.0001784581,7.02092e-05,0.0001403992,0.00082723657,0.031032614,0.010474586,9.200253e-05,0.00025242753,0.00012638456,0.00014907964,0.003647349,0.00024571372,3.3390203e-05,0.014578176,0.0005988686,0.0005563684,0.002581914,0.0006735473,3.5460464e-05,0.0006805272,0.000107114625,0.0009667158,0.00063271576,0.0006584719,0.0013955674,0.34117112,0.00053176953,0.01364794,0.0006691884,0.0030619807,0.0009860671,0.001189385,0.0052782292,0.00033950206,0.02733223,0.0022337358,0.0007587866,0.50816345,0.0007152603,0.0020723904,0.0021910716,0.3236646,0.011025171,0.0014185555,0.0021244755,0.37011367,0.52330536,0.53302735,0.00050826994,0.6363727,0.0001071338,0.00084223173,0.025763955,0.00016493259,0.00018745448,0.004473447,8.2842416e-05,0.0020302963,0.0077226884,0.0030971856,0.00024949198,0.00017914968,0.0003515945,6.673805e-05,0.00029115408,0.0003703775,0.00017556922,0.0014046226,0.00082119857,0.00045611855,0.001733857,0.006868712,0.005435011,0.0027693263,0.0016934477,0.003908693,0.0009879657,0.001070728,0.00081689574,0.00033447662,0.0015266315,0.00071548036,0.004842003,0.0063338517,0.0008703663,0.004084783,0.0014562181,0.0012939905,0.002019185,0.002103622,0.0017429515,0.00080692745,0.01577123,0.0029994277,0.0017906256,0.002323022,0.00036910654,0.006191565,0.009831745,0.0056658196,0.0016982006,0.0010157446,0.00024373704,0.0019839334,0.004553844,0.0011536302,0.0031724742,0.00092042895,0.005101047,0.0007752046,0.002398656,0.001107287,0.001060655,0.0015527508,0.0041256035,0.0006185234,0.0058780564,0.0038681969,0.01379543,0.00072021614,0.0013601509,0.0029709502,0.0027510452,0.0028162026,0.0022985097,0.00058750896,0.0034909977,0.0004003598,0.0012831809,0.00087415695,0.0003383313,0.0036225007,0.004032884,0.0011646403,0.009613105,0.00062614563,0.0007291785,0.0025960123,0.0027131455,0.00063293346,0.00044123924,0.007575251,0.00043445738,0.0017201062,0.0035249426,0.0013480777,0.00062053424,0.002835984,0.001059585,0.0021248208,0.0027387957,0.0022743028,0.00031347378,0.0027878222,0.0006319981,0.0020886408,0.0031606355,0.00057396275,0.0032119278,0.002596283,0.004713152,0.0013027907,0.0011475418,0.0020441604,0.0071024643,0.0059921416,0.0001226483,0.00080985314,0.0023598096,0.0033249669,0.0011958632,0.0009666748,0.0015706649,0.002362367,0.000692256,0.002412438,0.0024270918,0.005263127,0.0034021789,0.0023595393,0.0016361546,0.0010583097,0.0030419985,0.00090420654,0.0013498785,0.012178966,0.002653823,0.00080896245,0.0021067394,0.0047565377,0.0049432046,0.00277095,0.0019975516,0.0052345344,0.0009560454,0.0048537487,0.0017296855,6.43844e-05,0.0040834793,0.001620759,0.0042254687,0.0014434737,0.0025772753,0.000502251,0.0066867145,0.0022375623,0.0053534694,0.0010935506,0.008190388,0.02253469,0.014593715,0.0038206575,0.0011380081,0.0017606163,0.00063879235,0.00052635564,0.0053420654,0.0013186702,0.0003920535,0.0011018503,0.013506081,0.0010595055,0.0013929469,0.00015691762,0.0041216947,0.00030044283,0.003957233,0.00047964338,0.028629962
BC2026_Train_0003_S08_20250607_070007_5,0.0010408951,0.14338358,0.0010748189,0.0015171438,7.1007285e-05,0.00041464157,3.68723e-05,6.0171285e-05,0.00068655016,0.0046979417,0.011081356,4.0239505e-05,0.00011889819,6.0504724e-05,0.00021148616,0.003861037,0.000106731655,3.2060732e-05,0.003963408,0.0006064041,7.518063e-05,0.0029831761,0.0005876672,1.9112209e-05,0.00084837485,4.7404963e-05,0.00035188894,0.00013987428,0.0004962322,0.0020296501,0.0015513357,0.0003423683,0.48608264,0.00052495097,0.00015853225,0.0005931994,0.004376503,0.17729573,0.0009880979,0.01185202,0.1440772,0.0012331331,0.0006197595,0.00035893175,0.061855964,0.0698976,0.7339563,0.5327515,0.04773615,0.2050108,0.00061422866,0.0005489688,0.00057573617,0.0012690128,0.40278596,0.00090510934,0.00049408135,0.0123430295,0.00069950987,6.441639e-05,0.004673458,1.3301191e-05,0.00023782488,0.0079718,0.0028710638,0.00014587623,0.00012189407,0.00031771188,0.0016005859,0.00073451555,6.63461e-05,4.6445577e-05,0.00067888986,0.00033180765,0.00049049396,0.00093671354,0.0031331747,0.0045143883,0.0011719697,0.0040577026,0.00304861,0.00045196377,0.00068614754,0.00026670346,0.00054841663,0.0012899247,0.00021806147,0.0030313781,0.002980087,0.0005306099,0.0024619466,0.002032217,0.0004990582,0.002838592,0.0021874907,0.0025034952,0.00079351553,0.70049506,0.001325713,0.001909397,0.008163879,0.00027098693,0.007939784,0.005620783,0.0021072875,0.0016868691,0.0002094889,5.7824356e-05,0.001484798,0.0015115951,0.0009953311,0.002645659,0.0001396202,0.002284659,0.00025355376,0.0016315946,0.00037358247,0.001171618,0.0004053519,0.0057287677,0.024199406,0.0037394844,0.0012536614,0.014875347,0.0006604211,0.0013034776,0.0022429696,0.0019993722,0.00034905126,0.0016304005,0.0020119196,0.0034469329,0.0008537019,0.0018244456,0.0007782805,0.0002463357,0.0029876162,0.0017234545,0.0005758367,0.0017777864,0.00018201588,0.009043738,0.0004157736,0.0019065265,0.00065392064,9.767817e-05,0.0030996604,0.00065738225,0.0028997958,0.0029112194,0.000966985,0.00079843454,0.0019570815,0.0004002717,0.06985392,0.0020303102,0.0017330721,0.00020076138,0.0015544133,0.00078520266,0.0027722667,0.0015558649,0.00057312485,0.00094019086,0.00068460254,0.0024960137,0.0013414068,0.0013690484,0.00035021364,0.006063084,0.00419031,0.00021774606,0.00032231078,0.00075373915,0.012292404,0.00094690704,0.0005363135,0.0006627708,0.0024479388,0.019369148,0.0014980554,0.00022661893,0.005027813,0.002465939,0.002737337,0.0006595688,0.00020736098,0.00203998,0.0002475519,0.00040903944,0.0015919416,0.009724875,0.000490257,0.0028569857,0.0046707625,0.0041779256,0.0021406645,0.00056997087,0.0035934306,0.0013049912,0.0014713784,0.00055929483,4.520277e-05,0.0031932986,0.0014930405,0.002700664,0.0012566483,0.012877338,0.00021141545,0.0018694256,0.00088607555,0.0027902417,0.00084452215,0.004800337,0.0039496543,0.006665386,0.001290861,0.013568968,0.0003459994,0.00044097126,0.00013748938,0.0010297348,0.00077314215,0.0002608898,0.00039809977,0.08545382,0.0002780058,0.0014659982,0.00022888764,0.0022336568,0.00016211384,0.003998839,0.00037352805,0.002809838
BC2026_Train_0003_S08_20250607_070007_10,0.00087497314,0.13830142,0.0006990305,0.0015376834,6.8456895e-05,0.0005420846,3.1404907e-05,0.00010379777,0.0013315412,0.0058904085,0.022920977,6.035563e-05,0.00012631142,5.7366706e-05,0.00018826895,0.0044186166,5.6553214e-05,4.6033623e-05,0.0039976933,0.0005147966,7.6700555e-05,0.003160604,0.0006364834,2.5743966e-05,0.0006881944,4.525078e-05,0.000429806,0.00014763785,0.00043710135,0.0026776826,0.0014581189,0.00028088051,0.5512168,0.00046934615,0.00019158825,0.0006036957,0.0039401236,0.15853892,0.0012571671,0.015893543,0.1041062,0.0011468093,0.00047728117,0.00035593347,0.030833017,0.034066513,0.6741267,0.53599083,0.05263176,0.16988567,0.0004153986,0.000381332,0.00042844634,0.0015581745,0.3861033,0.0005391653,0.00048570978,0.012941363,0.0003106615,8.757108e-05,0.0055379374,1.5223064e-05,0.00023724331,0.008017147,0.0029402783,0.00016325714,0.00023967987,0.00026232647,0.0007913069,0.0019932247,7.285678e-05,6.0984916e-05,0.0007696404,0.00083616347,0.00065354374,0.0008003477,0.0028212653,0.005000425,0.0013016353,0.00835934,0.004244458,0.0006519946,0.002115588,0.00024131533,0.0008491028,0.001211804,0.00017331961,0.0030860153,0.0035702614,0.0006617584,0.0024810045,0.0011328825,0.00075243355,0.00559619,0.0019131869,0.0017417575,0.0012203142,0.7158613,0.0012016149,0.0030213138,0.0059538796,0.00043923376,0.0053088036,0.008124038,0.001926221,0.0028048775,0.00018740838,5.9210415e-05,0.002134575,0.0015024162,0.0009956585,0.0025530774,0.00013501856,0.0020838866,0.00029508877,0.0017678863,0.00041474364,0.0019704145,0.0005402083,0.0042464538,0.013071679,0.0034346364,0.0010323647,0.0126189785,0.0005516119,0.0014081752,0.0028083166,0.0018046807,0.0003047552,0.002058434,0.0022489307,0.0035267237,0.0011603007,0.0036493808,0.0019334573,0.00019498396,0.006903035,0.0018785392,0.00048142718,0.0037841212,0.00015141229,0.004224062,0.00037056557,0.0016973936,0.0016137452,0.00010821499,0.0035283924,0.0015042733,0.006683624,0.0049995747,0.0011134192,0.00053800765,0.0020056888,0.00032384123,0.019585745,0.001780437,0.0013636524,0.00014493629,0.0014239805,0.0010030676,0.0017859191,0.0015906657,0.0012141531,0.0009643985,0.0009932652,0.002273657,0.0019856368,0.0010464157,0.00036120258,0.0069415895,0.0058346367,0.0002136532,0.00018724277,0.000762765,0.013282017,0.0006168895,0.00048182276,0.000549122,0.0022949933,0.009566701,0.0023624904,0.00024796263,0.004455741,0.0018453186,0.0020968637,0.00070191,0.00023807347,0.0027704048,0.00022200705,0.00040291462,0.0017860146,0.13726862,0.0007937798,0.0023760735,0.004147668,0.003825358,0.0022011914,0.0005365489,0.0040132934,0.0030476025,0.0014372076,0.0005296901,5.7558576e-05,0.0032712612,0.0011321207,0.0031546312,0.0019669589,0.0039457087,0.00028282928,0.002243238,0.00073272525,0.0021919827,0.00095198094,0.004997889,0.0040974002,0.0069549675,0.0012331754,0.004159434,0.0003755528,0.00062774395,0.000113703834,0.001145016,0.001226594,0.0005711413,0.00050529576,0.063618734,0.00025889542,0.0011980508,0.0003602284,0.0029834602,0.00034515877,0.0037002352,0.0003567059,0.0027962252
BC2026_Train_0003_S08_20250607_070007_15,0.0010498404,0.111328065,0.0009573963,0.0015439257,0.00010183329,0.00078953936,5.6334797e-05,0.00018443025,0.0026410606,0.008344152,0.023121413,0.00012861822,0.00020695348,0.000119984164,0.0003494626,0.0055334666,6.287409e-05,8.8818815e-05,0.0045594387,0.0007873104,0.00016296828,0.0036785412,0.0011077488,4.8070833e-05,0.0010931786,8.397194e-05,0.0010084278,0.00022904157,0.00060148974,0.0044330875,0.002132711,0.00036806695,0.5355128,0.00065282825,0.00031974106,0.0006290976,0.0041479184,0.15286863,0.0018404835,0.0246267,0.090948366,0.0017892844,0.00065508764,0.00039281056,0.03785652,0.03183143,0.49950248,0.446053,0.0573187,0.17822884,0.00052415224,0.0004751937,0.00049391255,0.002667112,0.38346916,0.0008969558,0.00050113554,0.014854178,0.00034352386,0.00014232838,0.0074219415,2.5231158e-05,0.0003322421,0.008332284,0.0030364264,0.00025819612,0.0006248902,0.00042567935,0.0011681243,0.004207662,0.00011325571,0.00012829076,0.00097191316,0.001542957,0.001280361,0.0009021374,0.0030487834,0.0058367993,0.001261236,0.0074651474,0.005460657,0.0009330329,0.005047173,0.00024259728,0.0016055112,0.0021771048,0.00033840645,0.0035335333,0.003592879,0.00085136393,0.0025976233,0.001265507,0.0010588706,0.0069009727,0.00257878,0.0027914927,0.0021193738,0.69160944,0.0019279005,0.005545754,0.005882357,0.00065897586,0.00909053,0.010636809,0.0023011963,0.0038746456,0.0002666055,8.0537866e-05,0.0030104795,0.0016762554,0.0015697783,0.0026166365,0.00018030236,0.002286602,0.00048165573,0.0026660883,0.000476522,0.0031384684,0.00083242677,0.0057684635,0.0100851795,0.003980156,0.0010849073,0.01463084,0.0011141966,0.0021078405,0.0032610002,0.0020343116,0.0004655859,0.0025001734,0.0044821487,0.0044236393,0.0010451259,0.006063973,0.0017407173,0.00027885853,0.017477123,0.002135789,0.0006734222,0.00718321,0.00017202823,0.0042939945,0.0006293984,0.001991327,0.003253099,0.0001707291,0.0033329308,0.0027179068,0.00715807,0.008759292,0.0013411825,0.0008807175,0.0029991232,0.00035394804,0.024525817,0.0017145668,0.0014038181,0.0002733065,0.0020498403,0.00152572,0.0020056716,0.0020651016,0.0015946502,0.0015523565,0.0010277241,0.0022570635,0.0027923556,0.0015163915,0.00051582867,0.0075099105,0.008783814,0.00041494763,0.00023540952,0.0008288728,0.019148014,0.00055898144,0.00073836744,0.0008436469,0.0028839854,0.013482468,0.0034641356,0.00034490257,0.004841208,0.0019986287,0.0029839089,0.00090287824,0.00035122706,0.0026923872,0.00032105274,0.00045236637,0.0023822822,0.4021205,0.0011030895,0.0034581763,0.005367247,0.0045247516,0.0022787603,0.0006587203,0.0045422586,0.0047767228,0.001532042,0.00063585344,7.177172e-05,0.004015871,0.0015726959,0.004457566,0.0039791926,0.0036187486,0.00048418497,0.004094131,0.00087009155,0.0029268984,0.0014380177,0.005558096,0.0045003667,0.007888499,0.0013685031,0.0021955715,0.000533194,0.00095815136,0.0001642523,0.0014528461,0.0015682771,0.0011526195,0.00072864274,0.07149345,0.00040671843,0.0014820487,0.0005657607,0.0030886193,0.00053371827,0.0036246337,0.00053865544,0.002790379
BC2026_Train_0003_S08_20250607_070007_20,0.0011607732,0.24421337,0.0013670882,0.0016704159,0.00011534618,0.00044792157,4.655475e-05,0.000105614985,0.00196522,0.0064253667,0.013812338,0.00019544878,0.00018627444,0.00015006255,0.0002984971,0.004813755,8.744617e-05,8.2688646e-05,0.0044391737,0.0008678856,0.00010883775,0.0035864038,0.0008848426,4.5917568e-05,0.0014103904,4.93952e-05,0.0014994545,0.00019610512,0.0011722133,0.0020038737,0.003517079,0.00058260973,0.48947543,0.001733492,0.0004942882,0.001321061,0.0037360853,0.09729003,0.0018950705,0.012940175,0.09046406,0.0021951979,0.0009465708,0.00074276095,0.14702708,0.12322734,0.59364796,0.46716437,0.05145128,0.108297475,0.0008764903,0.000696319,0.0008622265,0.0032711884,0.4000534,0.00036451273,0.00070370716,0.021982523,0.00028379794,0.000104785904,0.00653643,2.0301148e-05,0.0004561933,0.009375909,0.003126411,0.00016326693,0.0002978309,0.00036898215,0.00067647157,0.0018767245,0.00016106293,0.00013118504,0.0012296687,0.0010651693,0.002309675,0.0014870794,0.0033398445,0.007015739,0.0014145492,0.0058299103,0.004051497,0.0007710524,0.0026428823,0.00034418688,0.0010253245,0.0019414779,0.0006382044,0.0047046873,0.0044847145,0.0009100824,0.002791937,0.0034222717,0.0008768226,0.006689637,0.0021686757,0.0016776507,0.0014945519,0.56436086,0.004104651,0.005248997,0.005764404,0.00049268064,0.0131716905,0.009122465,0.0022821848,0.0033600333,0.00041376107,8.630976e-05,0.002870135,0.0025208292,0.003859219,0.0030723026,0.0002587974,0.0029880838,0.00039404354,0.0048483033,0.0006369677,0.002788843,0.0006431147,0.013254185,0.0152992485,0.005341571,0.0017840944,0.019608695,0.0010974514,0.0024074542,0.0029295534,0.0032043892,0.0007531311,0.0030434306,0.0060474332,0.005814772,0.0014463877,0.003913082,0.0010512085,0.0002474591,0.017874788,0.0022339025,0.0008979485,0.003194911,0.00027902707,0.004481019,0.0007016643,0.0028560238,0.0015744731,0.00021053452,0.004814667,0.00162578,0.00425892,0.005736618,0.0012799999,0.001732509,0.0026382445,0.00054101594,0.07537268,0.0024523234,0.001921667,0.0004969456,0.0027447366,0.0012121791,0.0030380124,0.0029422524,0.0008504651,0.001982511,0.0012401954,0.0033580465,0.0023340974,0.001889386,0.0007385785,0.0060485317,0.005647196,0.000677201,0.0004661297,0.0010116545,0.0141007155,0.0010963688,0.0006316088,0.0013951835,0.0044333856,0.0067289285,0.002512921,0.0004478745,0.005739651,0.0029679497,0.003926169,0.0013725159,0.00039644763,0.0028161663,0.00038583876,0.00058963,0.0026432064,0.12412806,0.00092128746,0.005386787,0.0061938707,0.0051697935,0.0029027152,0.0010348391,0.0043588267,0.0024587722,0.0019864198,0.00067951,7.6645345e-05,0.0042205267,0.0026597907,0.0043090745,0.0033905506,0.008978329,0.0003905888,0.008035015,0.0018650263,0.0059305513,0.0031623857,0.0062628994,0.0041507278,0.008811859,0.0019558016,0.0015974853,0.0007035315,0.0007719435,0.00028464355,0.0015209246,0.001220728,0.000674034,0.000766871,0.049279384,0.0005290387,0.0017856589,0.0004758961,0.0030099317,0.00036264042,0.004635546,0.0006347861,0.0032052167
BC2026_Train_0003_S08_20250607_070007_25,0.001200869,0.41030395,0.003034532,0.00274481,0.00014089081,0.0004444108,7.427352e-05,0.000107718755,0.0017172452,0.0069453223,0.016766563,0.00047481174,0.00024323355,0.00015002789,0.00047808097,0.0053179404,0.00014188176,8.201032e-05,0.004794792,0.00057949923,0.00016684971,0.0041964334,0.0008100673,5.9832346e-05,0.0012563966,6.693099e-05,0.0012773963,0.00033794384,0.0021018288,0.0013514952,0.0039408104,0.001010289,0.38356867,0.0038013961,0.0009614439,0.0028741455,0.0036069953,0.095337026,0.0026003432,0.010949377,0.12295062,0.0019361814,0.0011421165,0.0014458409,0.22232224,0.20542066,0.6477202,0.38860944,0.04182231,0.12561677,0.0012066739,0.00090458966,0.00088608597,0.0035918718,0.44461942,0.00021644795,0.001096974,0.033110265,0.00034602694,0.00012063486,0.008720165,2.3278379e-05,0.0005884827,0.011901441,0.003745747,0.00016383619,0.00026221146,0.00055786327,0.0011292748,0.0020062688,0.0003161097,0.00014092744,0.0019031691,0.0023871718,0.0060937996,0.003911151,0.0042356728,0.013865999,0.0018013542,0.0060403184,0.0040441775,0.00094008324,0.006459971,0.0005232377,0.0008055935,0.0015339663,0.0007446373,0.0049735685,0.0055866535,0.0017038555,0.0032233673,0.006227394,0.0011272188,0.02016916,0.0024352793,0.0013908881,0.0024620572,0.35919955,0.008460215,0.008554644,0.005533218,0.0006461555,0.011205352,0.008081406,0.0025372324,0.004629995,0.0006346574,0.00014671788,0.0033521883,0.0033775365,0.0062215645,0.004181272,0.00043665903,0.0048156073,0.000499072,0.00740591,0.000857136,0.0052122474,0.00065907877,0.033073597,0.014225122,0.016630819,0.002822966,0.026043603,0.0008217567,0.00508937,0.0036164413,0.008906031,0.00097385136,0.0059462646,0.013901541,0.0077186446,0.003055915,0.004078715,0.0009940396,0.00032483364,0.00941353,0.0028284818,0.0017567682,0.0021067376,0.0003487499,0.0069512515,0.0012185418,0.0045451336,0.001523656,0.00028330545,0.0046586813,0.0025268078,0.0073582977,0.0054703057,0.0017618439,0.0026999975,0.0030650701,0.0007517899,0.06951122,0.0035819255,0.003786978,0.00079686794,0.0045690257,0.0015320671,0.0043412084,0.0042815316,0.00084106816,0.0023755436,0.0021407432,0.004814641,0.003923909,0.0020130377,0.0012872564,0.0058388966,0.0071107713,0.0019329509,0.0008467744,0.0013950454,0.012454014,0.0022375328,0.0010593912,0.0018420574,0.0074854875,0.0043489994,0.0028424463,0.00076292217,0.007599934,0.0040593846,0.006326101,0.0023983873,0.00049047905,0.0033436823,0.0005608212,0.0011756581,0.005216234,0.008205859,0.0015368876,0.010172442,0.008155162,0.0072274185,0.0049100635,0.0011201747,0.006443576,0.0025847037,0.00232036,0.0008673047,0.00012181301,0.003987661,0.0040828222,0.006278468,0.0031351324,0.010432476,0.00054482924,0.009345942,0.003581316,0.010015925,0.0049511855,0.007514728,0.004987644,0.012717137,0.0052446434,0.002026779,0.0008820998,0.00091500476,0.0017145673,0.0021015776,0.0011738912,0.00093499024,0.0012779463,0.04727091,0.00089751196,0.002172075,0.00067349436,0.003986363,0.00046848142,0.006065463,0.0006609118,0.004415156
BC2026_Train_0003_S08_20250607_070007_30,0.0011539151,0.1726743,0.0016747601,0.004640138,0.00018667517,0.00073059247,0.00011631133,0.00013963062,0.0011993353,0.0074445372,0.017208774,0.00033556586,0.00038968225,0.00025635413,0.0007888949,0.0063958885,0.00016584125,8.3651066e-05,0.004834117,0.0007644457,0.00027123207,0.004427413,0.0009979494,8.705351e-05,0.0013979805,0.0001256537,0.0011934999,0.0005011137,0.0017409148,0.0011749332,0.0041685184,0.0009941629,0.26211876,0.0028312649,0.00055213436,0.002380487,0.0051673306,0.12150416,0.0031010655,0.009839666,0.14196117,0.0022335537,0.0010478736,0.0011928382,0.15679216,0.13737813,0.50805867,0.23111637,0.030856092,0.13207152,0.0010905169,0.00083246786,0.000784006,0.004012163,0.35516834,0.0004038628,0.0013191999,0.021096462,0.00049370533,0.00016150992,0.008237076,3.8714203e-05,0.00089394284,0.0109666325,0.004332134,0.00023617818,0.00038639808,0.0007362479,0.0020342628,0.0034999058,0.00042238328,0.00014223403,0.0026885374,0.004405803,0.0057000364,0.008053196,0.0051572868,0.022073435,0.0016948105,0.007131605,0.0043198112,0.0008700679,0.014600802,0.0004676219,0.000817204,0.0017245469,0.0007732681,0.004734181,0.0057019005,0.0019786935,0.0035610308,0.0046904404,0.0015236781,0.03249632,0.002175219,0.0013604949,0.0039124526,0.3300738,0.015866186,0.011309168,0.0064834296,0.0005933259,0.010251462,0.006998255,0.0026349393,0.006263581,0.00057886,0.00025998897,0.0033243515,0.003128949,0.0041228123,0.006059062,0.00071764254,0.007281711,0.0006842187,0.006140453,0.0010114205,0.0061441325,0.00091220334,0.04492521,0.009822975,0.038855255,0.0025656489,0.024963941,0.0009566857,0.006987285,0.0053617796,0.018413367,0.0009080381,0.01046084,0.008103973,0.0068804384,0.0030797678,0.0044538807,0.001099703,0.00035930562,0.005954211,0.003315638,0.0032851612,0.0022241925,0.000363859,0.0091525065,0.0018404104,0.0050148624,0.001703948,0.00028564897,0.0045635467,0.0038692409,0.011419988,0.0065382514,0.0022053402,0.0032822462,0.0036422706,0.0009217459,0.078223646,0.0043616765,0.0053543495,0.00068256207,0.0056191348,0.0015764061,0.006213925,0.004508245,0.0013030125,0.0024025762,0.0028313026,0.0039769458,0.0057745026,0.0018918201,0.0020017992,0.0062289797,0.012383295,0.0027803683,0.00091605436,0.0016682786,0.016021058,0.0017190074,0.0014331425,0.0018135535,0.0066163177,0.004121344,0.0034336902,0.0009705809,0.007272568,0.0034662643,0.0096790325,0.0028925892,0.0005339936,0.004013584,0.0006725642,0.001946684,0.0125724245,0.005985518,0.0019688809,0.0120136775,0.008847735,0.007860604,0.005864014,0.0011341973,0.009483699,0.003924514,0.0025798352,0.00085870846,0.00012813926,0.0043673916,0.004881415,0.005724026,0.003060023,0.015358026,0.0006384413,0.007846783,0.003447399,0.009730481,0.002616546,0.0078772325,0.0066459514,0.016142894,0.011522354,0.0022308761,0.0010669029,0.0011713727,0.0048529496,0.002513687,0.00094978185,0.0011800957,0.0016613981,0.060592707,0.001029846,0.0020554226,0.00079147576,0.0045710485,0.00060060085,0.0061976267,0.00061211234,0.0054466208
BC2026_Train_0003_S08_20250607_070007_35,0.0011082496,0.13728127,0.00067667564,0.0026658797,0.00011884773,0.0006831286,6.12123e-05,8.0465834e-05,0.0010856406,0.006044649,0.011371719,0.00011882665,0.0002161947,0.00022519621,0.00041920078,0.005768277,8.7616856e-05,8.335322e-05,0.0047187954,0.0014708443,0.00012425381,0.0036682733,0.0006501516,5.696066e-05,0.0010179216,6.552639e-05,0.0006572508,0.00031701764,0.0011431526,0.00066077244,0.0034598196,0.000598266,0.4486331,0.0018924498,0.00025172936,0.0021326393,0.003533184,0.15730612,0.0022855047,0.010588067,0.15804324,0.0021962496,0.00060954073,0.0008038766,0.067549385,0.06236018,0.5524024,0.40512928,0.039280523,0.12268572,0.00057857437,0.00043672204,0.00046827915,0.0033066813,0.396826,0.00021069999,0.0011360241,0.015920473,0.00034177053,0.0001523403,0.005828909,2.365571e-05,0.0005835907,0.009423625,0.0036243652,0.00016605291,0.00027878355,0.0008318089,0.0008327273,0.0014929939,0.00020195711,8.84712e-05,0.0018903677,0.0019355806,0.0023461995,0.0033453456,0.0037741922,0.011163123,0.0018200096,0.0132858055,0.0039936355,0.00065685646,0.0054006344,0.00029094244,0.0016025617,0.0012681532,0.0005508447,0.004041404,0.004516082,0.0011637488,0.0040362123,0.0021480701,0.0008289842,0.011679646,0.0017482152,0.001065925,0.0017253759,0.573619,0.0073557696,0.006710686,0.005675438,0.00040791713,0.006759083,0.0065232124,0.0022230023,0.0040397136,0.00034823053,0.00012778738,0.0020863977,0.002594255,0.0030367638,0.0050306288,0.00042663925,0.0045630783,0.00045300124,0.005171092,0.00063698244,0.0031581162,0.0006868262,0.021049116,0.013019756,0.016682517,0.0017454395,0.016357666,0.0014508889,0.0038989168,0.0033953474,0.0080855815,0.00074019446,0.014916293,0.0027269996,0.0046123206,0.0022246768,0.003091529,0.0007355696,0.00026671344,0.0050293673,0.0024342344,0.0018982101,0.0017144706,0.00025728223,0.0067413063,0.001197715,0.0032704892,0.00075218483,0.00021196797,0.004777153,0.0018782091,0.006232607,0.005140103,0.0014961633,0.0016887785,0.0025112282,0.000772327,0.023544643,0.0030191112,0.002887381,0.00034163674,0.0031703147,0.0011623232,0.0036080675,0.0035379042,0.0010625749,0.0016033561,0.002150368,0.0031165152,0.00414074,0.0012544302,0.0014104065,0.0054699625,0.007108279,0.001097274,0.00048272975,0.0013422248,0.0129945725,0.0020196142,0.00081677194,0.0012207535,0.004010549,0.004430188,0.0024495525,0.0005542312,0.0056279283,0.0023730884,0.0044406313,0.0016995106,0.00036169073,0.0030541262,0.00039813967,0.0019585583,0.015895503,0.003801285,0.0011653571,0.0074704317,0.005763349,0.0055951327,0.0040908135,0.00094126037,0.005626209,0.00233105,0.0028262096,0.00067979953,7.410786e-05,0.0043498524,0.0025419674,0.0040407465,0.0023081745,0.0056369696,0.00043647995,0.0069142696,0.0020250538,0.011321961,0.0016664949,0.006334664,0.0049732225,0.022618935,0.004689637,0.0012902378,0.0006604833,0.0006512114,0.0016710722,0.0017679968,0.00086685515,0.000633808,0.0009764691,0.05026726,0.00054492644,0.0015785622,0.000456312,0.0033492248,0.00031127298,0.0042380765,0.0004972393,0.004091529
BC2026_Train_0003_S08_20250607_070007_40,0.0012471875,0.09875734,0.000699149,0.0019665475,0.00013959056,0.0013810638,6.41962e-05,0.00011550599,0.00180649,0.008717942,0.016649555,8.076235e-05,0.00019928358,0.00042519782,0.00041004142,0.0073834537,0.000102382764,0.000183539,0.005551592,0.00399325,0.00010738632,0.003760986,0.0008162786,7.411794e-05,0.0010433026,6.8815345e-05,0.0006924286,0.0003295177,0.0012279797,0.00077541627,0.0057141283,0.00068041374,0.42428416,0.0021708456,0.00031830536,0.001999172,0.0043407828,0.16383298,0.003906082,0.010943372,0.1608616,0.0032147798,0.0006388062,0.0008855108,0.06742933,0.067960724,0.53556156,0.35511434,0.053992823,0.15584186,0.0006360635,0.00044754942,0.0005000421,0.0057091997,0.39445472,0.00029386545,0.001287171,0.018401155,0.00039683963,0.00024783754,0.0059439996,2.7023076e-05,0.0004655671,0.009638017,0.0036032624,0.00024076655,0.00047955813,0.0019714988,0.00050860934,0.0014694016,0.00019938445,0.000112647154,0.0022026,0.0017783594,0.0016643265,0.0018651333,0.0038252296,0.010783568,0.00253095,0.029069455,0.004776526,0.0011854505,0.0037893357,0.00031372023,0.0041593914,0.0010971491,0.0006978392,0.005508986,0.0059363395,0.0015739016,0.0065721474,0.0014946897,0.001248351,0.0055436986,0.0020761138,0.0017479582,0.0018797799,0.5305426,0.007770273,0.009387163,0.006353308,0.00055205874,0.0068893204,0.008953307,0.0024319526,0.0061552785,0.00043618205,0.00010954295,0.003064536,0.002588476,0.0060674925,0.004389082,0.00034878255,0.004398494,0.0005510369,0.009423734,0.0007314067,0.0031230226,0.00082707003,0.020460522,0.040134154,0.011484092,0.0017424079,0.018607425,0.0033255352,0.0057700346,0.003716392,0.0052042333,0.0011014455,0.011298545,0.0018377595,0.005171998,0.0022534772,0.0038882436,0.0010483774,0.00038136824,0.00744822,0.0025049972,0.0013391676,0.0022885962,0.0002780545,0.011018194,0.0009261332,0.0039835526,0.001064609,0.00032132305,0.0058074277,0.0018147479,0.008653892,0.007966448,0.0015829669,0.0024018448,0.002395941,0.0007466806,0.005894157,0.002850862,0.0033993737,0.0003908497,0.0033640587,0.0013947026,0.003620286,0.004590787,0.0015939256,0.0016739563,0.0039975336,0.00403068,0.00387665,0.0013634819,0.0018313283,0.0067154802,0.0061688665,0.0010768243,0.0005057303,0.0014431191,0.0144706415,0.0041588466,0.0009829713,0.0013505551,0.0045960154,0.013431504,0.002505894,0.00059154234,0.006485245,0.0027650883,0.003612082,0.0025466133,0.000498164,0.003360665,0.00039196553,0.0012691952,0.008005429,0.015038783,0.0014674155,0.009483015,0.0054940563,0.0063013635,0.0056687896,0.0011444014,0.0052944086,0.002253827,0.0024253796,0.0008269673,9.390616e-05,0.0056473976,0.0021381027,0.0052819406,0.003722223,0.0025082077,0.0005347275,0.01411025,0.0026893811,0.016941331,0.0024985531,0.0070484392,0.004853868,0.02571956,0.0022274007,0.0013846795,0.00068018393,0.0006954581,0.00046928084,0.0020472417,0.0011736464,0.00077862263,0.0010499051,0.060539745,0.00058936514,0.0023894391,0.0006630885,0.0041892165,0.00045783873,0.0045566997,0.0006113509,0.003935745
BC2026_Train_0003_S08_20250607_070007_45,0.0010560136,0.10413449,0.00084142055,0.0018852853,0.00018116103,0.0010057362,6.805716e-05,0.00021013319,0.0018429701,0.016349198,0.033510964,0.00021869018,0.00020771266,0.0002454848,0.00034801892,0.00626087,0.00011917755,0.00016179064,0.005565563,0.0035296048,0.00015264137,0.0043199593,0.0010247089,7.8673685e-05,0.00087405613,8.437238e-05,0.00088607613,0.00024452733,0.0009879449,0.0014769128,0.00479474,0.0005970555,0.48441973,0.0022343607,0.00038796672,0.0015728368,0.008530144,0.17010956,0.004306155,0.018156303,0.11525093,0.0029058822,0.0007390079,0.0006988705,0.050261535,0.054609887,0.489744,0.36323565,0.060601726,0.17748481,0.000691918,0.00057865144,0.00061938306,0.0056235706,0.37806788,0.0005728415,0.0009402819,0.018151993,0.00036068592,0.00019249895,0.0074632643,3.7060236e-05,0.00036860706,0.010130572,0.0041455408,0.0002935968,0.00038722984,0.0011177802,0.0006959973,0.0023764535,0.00021729406,0.00017963946,0.0021302921,0.0014334592,0.0021575077,0.0013179139,0.0039156945,0.013020495,0.0017727362,0.01647936,0.006627289,0.0017180779,0.007992353,0.00033559618,0.0022248097,0.0009983318,0.00077357865,0.0064387266,0.005328248,0.0018227694,0.0043098237,0.0013668521,0.002770286,0.007795219,0.0023595903,0.0023939768,0.00318364,0.69612527,0.0051437397,0.007687604,0.0106385825,0.00086412387,0.0055816565,0.014387623,0.0027856582,0.0058175293,0.0004627341,0.00013792106,0.004181359,0.0024633226,0.005863146,0.0034495678,0.0003538939,0.0034339528,0.00068564666,0.005339878,0.00084899145,0.0038321943,0.0010588297,0.0149485925,0.10895859,0.007654984,0.0017016799,0.017711291,0.0018897896,0.004259046,0.003780133,0.0040271226,0.0011840672,0.0044006575,0.0031818573,0.00613957,0.0024269405,0.0035153679,0.002167396,0.00044675195,0.006706969,0.002769621,0.0010399474,0.0038890769,0.00032245074,0.016538803,0.00086728734,0.0037711342,0.0026080653,0.0003061312,0.0053607947,0.0025110801,0.011438858,0.0082591195,0.0019886175,0.0019964941,0.0029842458,0.00073948636,0.0064271824,0.0025334314,0.0044779046,0.0004259349,0.0025363776,0.0015715222,0.0044928314,0.0032095336,0.0015614616,0.0018888172,0.0042627556,0.0041998685,0.0033133824,0.0016075299,0.0012903102,0.009804016,0.0069730775,0.0009118424,0.00042531808,0.0013369569,0.019985095,0.006013679,0.001040665,0.0012154253,0.0047606425,0.024370596,0.0029163517,0.0006689265,0.0062798993,0.003088689,0.005427897,0.0023745082,0.00066983973,0.0035072158,0.0004236162,0.00093280704,0.005057523,0.14281559,0.0014809854,0.007489136,0.004695262,0.005449116,0.005009779,0.0010227702,0.0068150526,0.002599496,0.0020187227,0.0008666935,0.00010831479,0.0048040343,0.0022829375,0.005941283,0.004204618,0.0018195045,0.0006655115,0.0074907257,0.0020047296,0.007684631,0.0017546085,0.0072874576,0.006423755,0.013241517,0.00201354,0.0023517446,0.0007679927,0.0010122719,0.00030126466,0.0020877095,0.0012734662,0.0011990293,0.00094963936,0.11463804,0.0006035051,0.003083413,0.00092800165,0.0047161533,0.0011217664,0.0043684915,0.0006416473,0.0036849536
BC2026_Train_0003_S08_20250607_070007_50,0.0008412087,0.06570259,0.00148544,0.0018164957,0.00029063888,0.0006483622,9.303956e-05,0.000858815,0.0018905447,0.014618504,0.036877424,0.0005377544,0.00025619747,0.0001949434,0.00037740485,0.0063069058,0.00010361985,0.00014330994,0.0069215707,0.0018993197,0.00026782817,0.0060985954,0.0011841056,0.000121772304,0.0012101718,0.000104578845,0.001123615,0.00024893603,0.0010543625,0.0017977142,0.0029913944,0.0005867949,0.33464643,0.0013964834,0.00040809595,0.0011290188,0.014829494,0.15843605,0.002577722,0.024836762,0.0803789,0.0018076752,0.0008576129,0.0007205135,0.04667279,0.051130325,0.35907444,0.21174586,0.036333296,0.15165474,0.0006638663,0.00059982826,0.00057473924,0.0030627218,0.32971874,0.00065233686,0.00087888323,0.02239516,0.00031986032,0.00017914965,0.007105796,5.1503484e-05,0.00039875513,0.011681882,0.005303819,0.00039117676,0.0005220702,0.00046199482,0.0010320187,0.0025309706,0.0002752073,0.00020516235,0.0018794198,0.0011005537,0.003467524,0.0012075906,0.004190552,0.0112904515,0.0014490938,0.008531671,0.0061730677,0.0014759649,0.014942013,0.0004253898,0.001662362,0.0015836877,0.00089986785,0.004670845,0.0043442915,0.001576283,0.0030005558,0.0021235573,0.0037088408,0.011606439,0.0028519821,0.002075224,0.004899498,0.77737534,0.0031806726,0.004900598,0.018218152,0.0012724,0.005534166,0.0098641105,0.0029362775,0.0030792558,0.00045597673,0.00016565401,0.0047709453,0.0025000714,0.0027120474,0.0029941318,0.00039768897,0.0032920851,0.0014124063,0.003917063,0.0007833072,0.0035176706,0.0011186339,0.010510346,0.11055552,0.0065411464,0.0018186257,0.017442461,0.00090747356,0.0033650768,0.003188706,0.0035662965,0.00085220975,0.0041712443,0.0070013227,0.006563924,0.0019825937,0.0028143306,0.0035397364,0.00047962094,0.0059052315,0.003339899,0.0012525413,0.0041416413,0.00028387236,0.02577607,0.00086718565,0.0033069449,0.002210126,0.00031004025,0.019743774,0.0029708934,0.015254705,0.007888154,0.0026107733,0.0022959744,0.004239232,0.0011560007,0.018422093,0.0026294142,0.0041276715,0.0005642462,0.003070687,0.003750692,0.00565034,0.0034085137,0.0020911035,0.0032614823,0.0023345114,0.004819263,0.0033879955,0.0022069113,0.0011163707,0.012546875,0.008166925,0.00090676313,0.00045226552,0.0014445332,0.022251943,0.0026220442,0.0010794401,0.0011866963,0.0048330375,0.0138656385,0.004264559,0.0007663264,0.0070251226,0.003040522,0.008479648,0.002585206,0.0007062341,0.0032943608,0.0006221997,0.0007706883,0.0053710486,0.38313895,0.002483086,0.0063535185,0.004890765,0.0054722363,0.0036025466,0.0008950072,0.0058811456,0.0030761478,0.0018810993,0.0010641909,0.00010013792,0.004438229,0.018080832,0.0059772893,0.0032734906,0.0024455262,0.00063211,0.0034130318,0.0014801577,0.0042562494,0.0012971665,0.008398649,0.0072438293,0.009524781,0.0024720542,0.0032368132,0.0030004377,0.0010180937,0.0003503526,0.0022532167,0.0012391034,0.0020960064,0.0010964761,0.20732197,0.0007215935,0.003704372,0.0009741896,0.0047761644,0.0018304178,0.004516605,0.00071368116,0.0041070976
BC2026_Train_0003_S08_20250607_070007_55,0.00093132304,0.09403974,0.0012534306,0.0020730104,0.00046100907,0.00057115994,0.000105685984,0.0022483421,0.0019025329,0.008107631,0.01789774,0.0002290255,0.0003599556,0.00014265544,0.00036353958,0.0055277133,0.00010463058,0.00010718577,0.006632325,0.001305661,0.00017674048,0.0063400585,0.0011034405,7.646117e-05,0.0011864345,7.434948e-05,0.0008796628,0.00027902782,0.0018439399,0.0014026838,0.0037434252,0.00088307227,0.40473336,0.0016890253,0.00034908112,0.0016083771,0.01115118,0.074638516,0.0016737834,0.0331646,0.049081795,0.0019115728,0.00088180555,0.0011411922,0.13838471,0.14114495,0.46309194,0.24377361,0.03110895,0.07298631,0.0008850929,0.0007086675,0.0008133921,0.002985284,0.37315252,0.0003738243,0.001653718,0.022115076,0.00040439158,0.00015674156,0.006173775,5.148596e-05,0.00044537758,0.01170391,0.004304206,0.00028142962,0.0003071234,0.0004706331,0.0009244244,0.0019707712,0.00032769208,0.0001933708,0.0019072029,0.0015825056,0.004275996,0.0014420358,0.0050543915,0.015132582,0.0015886363,0.008115405,0.0061499835,0.0012047881,0.005592299,0.0006048216,0.0012860744,0.0029866286,0.0011365194,0.00512546,0.0043592183,0.0019068694,0.003321301,0.003092935,0.0019102051,0.008610138,0.0035661065,0.0021495693,0.007099615,0.66725606,0.008460307,0.0066925157,0.012081887,0.0015444844,0.007717501,0.007118954,0.003056444,0.00333342,0.00069330906,0.00013346826,0.003691402,0.0036042216,0.00321245,0.0034290198,0.00041970034,0.003953497,0.002573401,0.005084711,0.0010483742,0.0035956732,0.0010293947,0.027413229,0.04220163,0.011537682,0.003131831,0.021752093,0.0011393572,0.004943408,0.004521266,0.0052337,0.00083020324,0.006705011,0.0038445236,0.00852477,0.0020430335,0.0031097962,0.0032550765,0.00047820157,0.008987707,0.0051573487,0.0020646907,0.0026089551,0.00040664576,0.020919384,0.0009630783,0.003861179,0.0016320623,0.00033840718,0.054409355,0.0017431446,0.010560832,0.010783803,0.0022720746,0.004625021,0.003795186,0.002044704,0.05880171,0.003971079,0.0072792196,0.0009723824,0.0033427957,0.0075868536,0.009178315,0.0062865154,0.0014436962,0.0060797604,0.0019644615,0.009184433,0.0035025596,0.0029117216,0.0010827521,0.008303169,0.0068134237,0.0010972801,0.0006800295,0.001726742,0.025253702,0.0022766425,0.0011884632,0.0016800707,0.006084353,0.00829451,0.0043131537,0.00069904356,0.008277921,0.003379026,0.008307492,0.002971918,0.0004662019,0.0034993205,0.0010530927,0.00082300947,0.004379565,0.117600255,0.0058832425,0.009881216,0.0069075595,0.0065942467,0.0035664036,0.0010673337,0.006664751,0.0032925508,0.0025516434,0.0011459435,9.1387155e-05,0.0060399706,0.055998024,0.006460629,0.0028636968,0.005374164,0.0005839507,0.0038607535,0.0022353062,0.0060918527,0.0013934806,0.011811422,0.005352659,0.010969488,0.0035854196,0.003187659,0.008201585,0.0010827825,0.0006060235,0.0023835844,0.001386194,0.0012178433,0.0016567057,0.1693975,0.00096273265,0.007217211,0.0007062756,0.006095237,0.0008269602,0.007246232,0.0006587019,0.005369019
BC2026_Train_0003_S08_20250607_070007_60,0.00096534524,0.13368542,0.0010821482,0.0018492988,0.00019824285,0.0006949367,7.027436e-05,0.000754115,0.001261554,0.0057616374,0.010472333,8.2263716e-05,0.00021600469,0.00011828464,0.0003389848,0.004753513,0.000104302475,0.00017115267,0.0062702904,0.0028497942,0.00010560946,0.0044336016,0.0006999227,3.782977e-05,0.0010955393,5.688766e-05,0.00067770574,0.0002550267,0.0021383557,0.0014996432,0.003689231,0.00088971487,0.5838877,0.0015375618,0.0003303304,0.0015060426,0.007238079,0.07975988,0.0013600204,0.031133123,0.09230704,0.0017963796,0.0008062771,0.0014334301,0.21056373,0.19266127,0.626375,0.31825376,0.049446188,0.110172994,0.00083656446,0.000628517,0.0008093893,0.0033392033,0.49116403,0.00029635846,0.0010987604,0.018586775,0.00055645674,0.00016160234,0.005392962,2.5022278e-05,0.00050127186,0.009711059,0.0034285318,0.00018498114,0.00022367269,0.00083433074,0.000621357,0.0025452669,0.00022103946,0.00012348428,0.0016442487,0.0011753248,0.0028686803,0.0014205758,0.004226732,0.011373491,0.0014318634,0.008460516,0.006754429,0.0011527074,0.0017869578,0.00041531268,0.001268282,0.0016442823,0.0006802723,0.0047844276,0.004637447,0.0024240613,0.003529711,0.0022644894,0.0012938228,0.0044039907,0.0029905317,0.0018931662,0.003946583,0.73465794,0.022298625,0.008528907,0.008093403,0.00080770307,0.007495626,0.006262259,0.0024320162,0.004253855,0.00055797235,0.000106625936,0.0041089174,0.0035885272,0.0049860342,0.0031473693,0.0003732208,0.0032550618,0.0010515054,0.0052771843,0.0008941242,0.002243428,0.0006761805,0.072025776,0.025271991,0.013869604,0.0031754805,0.023322659,0.0016035982,0.005736418,0.0054260786,0.0057998346,0.000589757,0.0035021594,0.0021159907,0.009487929,0.0021245542,0.003372542,0.0020134896,0.00039273905,0.013229427,0.0033690524,0.0012756542,0.0020231411,0.00036131399,0.01979542,0.0008293477,0.004082191,0.0013362727,0.00036361447,0.01966975,0.0012115273,0.0052071214,0.006820406,0.0021929885,0.0030470828,0.0029771463,0.0011032125,0.06810776,0.0036107765,0.003891168,0.00070055964,0.002829929,0.003471069,0.008080536,0.0051620496,0.00095329416,0.0029070997,0.0023417617,0.008006806,0.0027685228,0.002538308,0.0007040826,0.0062736296,0.005678548,0.0013003943,0.0006536232,0.0012358321,0.02305836,0.0015850969,0.0010065369,0.0013417068,0.0063671055,0.009143344,0.0024184412,0.00046231557,0.0074611627,0.0033054354,0.0063980017,0.002222085,0.00031177397,0.0031824934,0.0006271659,0.00059779413,0.0030473508,0.0069396086,0.0028133362,0.018199831,0.0064077927,0.007312952,0.0039077424,0.00087041466,0.0065631187,0.002488533,0.0022154765,0.0010790904,8.356531e-05,0.0063852677,0.019758215,0.006873513,0.0026446183,0.0049423873,0.00044360667,0.007005722,0.001754101,0.0055973697,0.0014406876,0.008332782,0.004395948,0.010179906,0.0025845717,0.0024910832,0.0028798352,0.000926462,0.00041122426,0.0019864733,0.001490713,0.00061587506,0.0020203635,0.13410045,0.00068923977,0.0036952063,0.0006297704,0.006324958,0.0004102477,0.007352307,0.00073166826,0.0039444356
