row_id,1161364,116570,1176823,1491113,1595929,209233,22930,22956,22961,22967,22973,22983,22985,23150,23154,23158,23176,23724,24279,24285,24287,24321,244024,25073,25092,25214,326272,41970,43435,47144,47158son01,47158son02,47158son03,47158son04,47158son05,47158son06,47158son07,47158son08,47158son09,47158son10,47158son11,47158son12,47158son13,47158son14,47158son15,47158son16,47158son17,47158son18,47158son19,47158son20,47158son21,47158son22,47158son23,47158son24,47158son25,476521,516975,517063,555123,555145,555146,64898,65377,65380,66971,67107,67252,70711,738183,74113,74580,760266,ashgre1,astcra1,bafcur1,baffal1,banana,barant1,batbel1,baymac,bbwduc,bcwfin2,bkcdon,bkhpar,blchaw1,blheag1,blttit1,bncfly,bobfly1,brcmar1,brnowl,bucmot4,bucpar,bufpar,bunibi1,burowl,camfli1,chacha1,chbmoc1,chobla1,chvcon1,cibspi1,coffal1,compau,compot1,crbthr1,crebec1,dwatin1,epaori4,eulfly1,fabwre1,fepowl,ficman1,flawar1,fotfly,fusfly1,gilhum1,giwrai1,glteme1,grasal3,greani1,greant1,greela,grekis,grepot1,gretho2,greyel,grfdov1,grhtan1,gycwor1,horscr1,houspa,hyamac1,larela1,lesela1,lesgrf1,limpki,linwoo1,litcuc2,litnig1,mabpar,magant1,magtan2,masgna1,nacnig1,ocecra1,oliwoo1,orbtro3,orwpar,osprey,pabspi1,palhor3,paltan1,phecuc1,picpig2,pirfly1,plasla1,platyr1,plcjay1,pluibi1,purjay1,pvttyr1,ragmac1,rebscy1,recfin1,redjun,relser1,rinkin1,rivwar1,roahaw,rubthr1,rufcac2,rufcas2,rufgna3,rufhor2,rufnig1,ruftho1,ruftof1,rumfly1,ruther1,rutjac1,sabspa1,saffin,saytan1,scadov1,schpar1,scther1,shcfly1,shshaw,shtnig1,sibtan2,smbani,smbtin1,sobcac1,sobtyr1,socfly1,sofspi1,souant1,soulap1,souscr1,spbant3,spispi1,sptnig1,squcuc1,stbwoo2,strcuc1,strher2,strowl1,swthum1,swtman1,tattin1,thlwre1,toctou1,trokin,trsowl,undtin1,varant1,watjac1,wesfie1,wfwduc1,whbant2,whbwar2,whiwoo1,whlspi1,whnjay1,whtdov,whwpic1,y00678,yebcar,yebela1,yecmac,yecpar,yehcar1,yeofly1
BC2026_Train_0001_S08_20250606_030007_5,0.0002714152,0.00010402804,0.00028102528,1.0902397e-05,0.00019801465,0.00013726123,0.00021299196,0.0004159814,0.00021299196,0.00023896122,0.00054537284,0.0002612652,0.00021299196,0.00010402804,0.00019801465,0.00037688337,0.00018110927,0.00010402804,0.00048093748,0.00033771436,0.0002714152,0.00013726123,0.00083157874,1.0902397e-05,0.0003828405,0.0001614261,0.00039435434,0.0003515036,0.0002988935,0.00046814294,1.0902397e-05,1.0902397e-05,1.0902397e-05,1.0902397e-05,1.0902397e-05,1.0902397e-05,1.0902397e-05,1.0902397e-05,1.0902397e-05,1.0902397e-05,1.0902397e-05,1.0902397e-05,1.0902397e-05,1.0902397e-05,1.0902397e-05,1.0902397e-05,1.0902397e-05,1.0902397e-05,1.0902397e-05,1.0902397e-05,1.0902397e-05,1.0902397e-05,1.0902397e-05,1.0902397e-05,1.0902397e-05,0.0001614261,0.00010402804,1.0902397e-05,0.0001614261,0.000250486,0.0003304916,0.0001614261,0.00048093748,0.0003645252,0.00019801465,0.0002988935,0.00021299196,0.00013726123,0.00019801465,0.0002612652,0.0001614261,0.0002265354,0.13600902,0.11911292,0.110489406,0.18022299,0.21485588,0.7550095,0.33850783,0.25752008,0.35219136,0.056258608,0.4774873,0.061783284,0.15160517,0.4860129,0.30271065,0.69359887,0.39068156,0.14701468,0.7350999,0.44455725,0.1477298,0.062556,0.19300596,0.30802482,0.39539278,0.15031925,0.48812917,0.47529873,0.06651451,0.047998693,0.8443813,0.99343556,0.99093664,0.43332216,0.17989028,0.061219353,0.43579975,0.49997285,0.23620889,0.9317565,0.15617278,0.52551216,0.16295321,0.61758643,0.20504524,0.25491598,0.06387876,0.62797093,0.28002223,0.76729196,0.6752672,0.61459035,0.7087519,0.28802702,0.6857241,0.18039802,0.1680307,0.15946569,0.11064617,0.78035843,0.10033743,0.28149685,0.5457898,0.097140655,0.4858449,0.79602844,0.329183,0.08627296,0.04132045,0.025687499,0.28394455,0.36195815,0.10440511,0.00030725446,0.6844981,0.033296112,0.15143944,0.72763085,0.23110303,0.00056557223,0.4152406,0.31575462,0.17223684,0.21985948,0.0876866,0.067318566,0.22423638,0.13980667,0.04137398,0.467319,0.25628623,0.6025503,0.29503715,0.5234667,0.16168544,0.22992316,0.15100546,0.92944425,0.68078136,0.013336625,0.348873,0.38338897,0.332973,0.85410774,0.11642542,0.25264314,0.37833288,0.5849944,0.7716485,0.049022272,0.26983532,0.21653768,0.11498187,0.090184286,0.026248725,0.38842276,0.46786937,0.61136717,0.37448037,0.6421244,0.20933397,0.6034105,0.58935004,0.4530853,0.50723296,0.49623471,0.6050818,0.13219264,0.3829568,0.22260934,0.0001614261,0.6559216,0.4558212,0.9590728,0.0007994358,0.9696894,0.14032231,0.38238662,0.4016785,0.53854024,0.20430933,0.39837614,0.9928824,0.9254207,0.2797302,0.3150445,0.33760807,0.15862922,0.09857802,0.19244088,0.14137794,0.08153585,0.05166153,0.853171,0.1845172,0.2650069,0.0478003,0.7302926,0.044290915,0.095692776,0.2885766,0.7595463
BC2026_Train_0001_S08_20250606_030007_10,0.0003110359,0.00011921683,0.0003220486,1.2494391e-05,0.000226923,0.00015730147,0.00024408639,0.00047669548,0.00024408639,0.00027384562,0.0006249604,0.00029940467,0.00024408639,0.00011921683,0.000226923,0.00043189368,0.00020755004,0.00011921683,0.0005511271,0.00038700967,0.0003110359,0.00015730147,0.000952893,1.2494391e-05,0.00043871967,0.00018499384,0.00045191334,0.00040281087,0.00034252403,0.00053646625,1.2494391e-05,1.2494391e-05,1.2494391e-05,1.2494391e-05,1.2494391e-05,1.2494391e-05,1.2494391e-05,1.2494391e-05,1.2494391e-05,1.2494391e-05,1.2494391e-05,1.2494391e-05,1.2494391e-05,1.2494391e-05,1.2494391e-05,1.2494391e-05,1.2494391e-05,1.2494391e-05,1.2494391e-05,1.2494391e-05,1.2494391e-05,1.2494391e-05,1.2494391e-05,1.2494391e-05,1.2494391e-05,0.00018499384,0.00011921683,1.2494391e-05,0.00018499384,0.00028705236,0.00037873286,0.00018499384,0.0005511271,0.00041773237,0.000226923,0.00034252403,0.00024408639,0.00015730147,0.000226923,0.00029940467,0.00018499384,0.00025960634,0.16350964,0.13346942,0.11674926,0.21137433,0.24298774,0.657191,0.43863344,0.29102078,0.31802535,0.050023977,0.5194045,0.05699892,0.1226113,0.5370339,0.4525923,0.5931427,0.4961252,0.14291175,0.73351645,0.45554334,0.19959609,0.091531396,0.24694294,0.4097504,0.21307832,0.12932459,0.33472332,0.26074272,0.06217596,0.04513933,0.862156,0.99223703,0.9911953,0.30745363,0.15870297,0.06538314,0.28495842,0.5069706,0.26278067,0.95268697,0.146925,0.5910097,0.102247655,0.55651265,0.28875703,0.30112633,0.09195222,0.62967134,0.29766476,0.7183246,0.4634257,0.5785263,0.82227093,0.2773006,0.5433135,0.20378418,0.18657677,0.22864805,0.11675561,0.76897526,0.10904201,0.268604,0.4401002,0.084197156,0.49282303,0.7575604,0.28300455,0.08429049,0.032943107,0.032576896,0.2548667,0.31343547,0.10339865,0.00035210504,0.7091189,0.0291442,0.19460936,0.5655093,0.15493931,0.00064810546,0.25752115,0.44871455,0.17593235,0.23431563,0.09398227,0.06968853,0.26002458,0.13313085,0.04198695,0.40210572,0.22503425,0.72017276,0.28197795,0.6787737,0.18576874,0.21264267,0.15242314,0.94072545,0.56143045,0.010869159,0.38447183,0.39964226,0.21275158,0.82888985,0.105003275,0.3767355,0.3730278,0.6090954,0.7450188,0.043651003,0.33580494,0.16613683,0.12653933,0.08882859,0.019178202,0.45962286,0.5955805,0.6945976,0.33888116,0.59606117,0.24477585,0.56041205,0.54657227,0.3673279,0.2820515,0.66300106,0.47838137,0.17572111,0.57574266,0.16039522,0.00018499384,0.5764191,0.40786403,0.9814588,0.00091606483,0.97005767,0.09574833,0.40867355,0.42300427,0.45948327,0.17861989,0.40100667,0.995955,0.9470182,0.38549304,0.34743175,0.33543384,0.17432126,0.0805392,0.18870845,0.0925929,0.06743548,0.069165975,0.8377201,0.26482442,0.30656925,0.027092665,0.59521896,0.04758566,0.09235052,0.34908214,0.704797
BC2026_Train_0001_S08_20250606_030007_15,0.00033683397,0.00012910692,0.00034875984,1.3531023e-05,0.00024574608,0.00017035045,0.0002643329,0.00051622704,0.0002643329,0.00029655988,0.00067677966,0.0003242383,0.0002643329,0.00012910692,0.00024574608,0.00046771165,0.00022476654,0.00012910692,0.0005968278,0.0004191067,0.00033683397,0.00017035045,0.001031877,1.3531023e-05,0.00047510344,0.00020033958,0.00048939075,0.00043621787,0.0003709329,0.0005809519,1.3531023e-05,1.3531023e-05,1.3531023e-05,1.3531023e-05,1.3531023e-05,1.3531023e-05,1.3531023e-05,1.3531023e-05,1.3531023e-05,1.3531023e-05,1.3531023e-05,1.3531023e-05,1.3531023e-05,1.3531023e-05,1.3531023e-05,1.3531023e-05,1.3531023e-05,1.3531023e-05,1.3531023e-05,1.3531023e-05,1.3531023e-05,1.3531023e-05,1.3531023e-05,1.3531023e-05,1.3531023e-05,0.00020033958,0.00012910692,1.3531023e-05,0.00020033958,0.00031086174,0.00041014372,0.00020033958,0.0005968278,0.00045237638,0.00024574608,0.0003709329,0.0002643329,0.00017035045,0.00024574608,0.0003242383,0.00020033958,0.00028113983,0.120100655,0.20236768,0.11901194,0.29465893,0.23201586,0.68795997,0.465118,0.24184096,0.28615758,0.048668463,0.58263785,0.053551026,0.12760784,0.53719246,0.418791,0.59835136,0.39488629,0.15253736,0.70563334,0.49229962,0.16489966,0.17334065,0.17805481,0.41021672,0.17096688,0.12546852,0.3455876,0.22037338,0.07172419,0.058467988,0.8228313,0.9897309,0.9921135,0.300523,0.18027385,0.06614916,0.27109557,0.47056586,0.39217314,0.9510871,0.13750347,0.5776117,0.100147076,0.5860162,0.24768811,0.24455492,0.11695963,0.6815362,0.34676582,0.7343279,0.42522857,0.5808759,0.8674004,0.28358722,0.5641905,0.20276633,0.20103982,0.28467542,0.12000658,0.7685587,0.08481049,0.26621172,0.45140266,0.13565727,0.576047,0.73115367,0.28621218,0.12656438,0.035489026,0.03590424,0.24384455,0.3520743,0.10968565,0.00038130823,0.671187,0.034004506,0.1928121,0.47181207,0.12200708,0.00070184254,0.21749575,0.37966734,0.18494911,0.21393165,0.08003326,0.07519816,0.29551956,0.11910547,0.055098213,0.4430444,0.27327892,0.6854842,0.29226622,0.70538914,0.26489303,0.21544719,0.21723928,0.94014305,0.6335909,0.011839499,0.4203193,0.4911705,0.18916075,0.82296467,0.11572026,0.5289158,0.3471947,0.6420398,0.7001707,0.04542255,0.25999853,0.19465391,0.15215999,0.13320875,0.016747195,0.3861093,0.41472575,0.71762097,0.32107303,0.5544009,0.21802768,0.5620036,0.4160913,0.32585207,0.16790573,0.6809839,0.46070436,0.19914335,0.5152513,0.1933897,0.00020033958,0.6301643,0.38450477,0.98518586,0.0009919989,0.96890604,0.09619894,0.49751255,0.44754514,0.42807367,0.25327086,0.44423005,0.9952796,0.94763225,0.49211198,0.41026232,0.31664142,0.21032627,0.07850062,0.18411328,0.09758432,0.0424858,0.08453569,0.828498,0.22510812,0.29984176,0.027058117,0.65838104,0.049767517,0.10578766,0.341559,0.59453315
BC2026_Train_0001_S08_20250606_030007_20,0.00033097374,0.00012686045,0.0003426921,1.3295571e-05,0.00024147051,0.00016738649,0.00025973385,0.00050724647,0.00025973385,0.00029140024,0.0006650068,0.0003185972,0.00025973385,0.00012686045,0.00024147051,0.0004595748,0.00022085586,0.00012686045,0.0005864454,0.00041181536,0.00033097374,0.00016738649,0.0010139297,1.3295571e-05,0.00046683813,0.00019685393,0.00048087692,0.00042862887,0.0003644795,0.00057084556,1.3295571e-05,1.3295571e-05,1.3295571e-05,1.3295571e-05,1.3295571e-05,1.3295571e-05,1.3295571e-05,1.3295571e-05,1.3295571e-05,1.3295571e-05,1.3295571e-05,1.3295571e-05,1.3295571e-05,1.3295571e-05,1.3295571e-05,1.3295571e-05,1.3295571e-05,1.3295571e-05,1.3295571e-05,1.3295571e-05,1.3295571e-05,1.3295571e-05,1.3295571e-05,1.3295571e-05,1.3295571e-05,0.00019685393,0.00012686045,1.3295571e-05,0.00019685393,0.00030545332,0.0004030083,0.00019685393,0.0005864454,0.00044450632,0.00024147051,0.0003644795,0.00025973385,0.00016738649,0.00024147051,0.0003185972,0.00019685393,0.00027624844,0.11412905,0.32980776,0.13219897,0.23931374,0.21726565,0.70989615,0.37558177,0.25132686,0.26359385,0.053784717,0.60720533,0.0588168,0.16330044,0.50655407,0.44487223,0.50445926,0.47117335,0.18801613,0.6981184,0.62028867,0.17865036,0.17643923,0.17964767,0.3888397,0.14283873,0.18197168,0.34860185,0.24711722,0.051377907,0.057500776,0.8049806,0.9922208,0.9928739,0.2562402,0.22629543,0.071105376,0.2831565,0.45409268,0.27518916,0.9404825,0.20198502,0.5902081,0.1094762,0.59991604,0.20467879,0.23559366,0.08712492,0.58412606,0.40589383,0.719923,0.51496166,0.6201234,0.8894178,0.24641906,0.53098243,0.19532815,0.19882919,0.18566826,0.15144384,0.7455243,0.10242529,0.27701297,0.45951366,0.111744545,0.55981505,0.67094696,0.37503427,0.1983511,0.03493027,0.03469144,0.27114528,0.38686287,0.11790015,0.0003746744,0.7385492,0.03920661,0.17027737,0.41347694,0.16489127,0.00068963383,0.3074243,0.3930105,0.1939825,0.2627388,0.07047924,0.08869442,0.29925907,0.13750319,0.06501037,0.48784906,0.2994749,0.66484046,0.29965103,0.61592835,0.17724903,0.24834533,0.22253066,0.94097954,0.5668532,0.01155602,0.3223616,0.41288957,0.18911149,0.8922735,0.1275993,0.45239085,0.42819554,0.6637275,0.571098,0.04275903,0.22501892,0.23446612,0.11112124,0.13197762,0.018348776,0.33205736,0.35498983,0.7535285,0.39054358,0.59199256,0.24941117,0.5729255,0.41138676,0.33254823,0.16306865,0.5629454,0.52661556,0.16066808,0.41134325,0.29678056,0.00019685393,0.59674513,0.38417387,0.98906475,0.00097474526,0.9744608,0.07983691,0.42149448,0.49954835,0.46386674,0.35719264,0.4457904,0.99362737,0.94181144,0.38167048,0.41225293,0.29351595,0.1883894,0.063980244,0.15862066,0.11001828,0.04261733,0.09318782,0.83983487,0.16293849,0.23203583,0.030477623,0.6817262,0.05049779,0.11931966,0.35482243,0.6410098
BC2026_Train_0001_S08_20250606_030007_25,0.0002860355,0.000109632885,0.00029616314,1.1489868e-05,0.0002086821,0.00014465631,0.00022446604,0.00043838494,0.00022446604,0.00025183382,0.0005747403,0.0002753389,0.00022446604,0.000109632885,0.0002086821,0.00039718227,0.0001908662,0.000109632885,0.0005068373,0.0003559045,0.0002860355,0.00014465631,0.0008763419,1.1489868e-05,0.00040346003,0.00017012285,0.0004155937,0.00037043617,0.00031499338,0.0004933541,1.1489868e-05,1.1489868e-05,1.1489868e-05,1.1489868e-05,1.1489868e-05,1.1489868e-05,1.1489868e-05,1.1489868e-05,1.1489868e-05,1.1489868e-05,1.1489868e-05,1.1489868e-05,1.1489868e-05,1.1489868e-05,1.1489868e-05,1.1489868e-05,1.1489868e-05,1.1489868e-05,1.1489868e-05,1.1489868e-05,1.1489868e-05,1.1489868e-05,1.1489868e-05,1.1489868e-05,1.1489868e-05,0.00017012285,0.000109632885,1.1489868e-05,0.00017012285,0.00026397922,0.00034829282,0.00017012285,0.0005068373,0.0003841588,0.0002086821,0.00031499338,0.00022446604,0.00014465631,0.0002086821,0.0002753389,0.00017012285,0.00023873884,0.16360635,0.18759157,0.14295775,0.22744514,0.23477289,0.74911207,0.30011052,0.2761077,0.24153735,0.039693397,0.56090164,0.06729122,0.18006018,0.59806514,0.42995045,0.5028045,0.5934489,0.16156158,0.72641397,0.60402036,0.22767243,0.098121084,0.13255091,0.33019403,0.16481519,0.19115973,0.27596045,0.29466623,0.05075906,0.05128047,0.83170235,0.99307173,0.99373865,0.2832311,0.26332277,0.05364813,0.26743424,0.4955216,0.2703652,0.9399133,0.22301616,0.5821579,0.11530552,0.5802693,0.22356656,0.2595942,0.08508688,0.59611464,0.39761016,0.76944005,0.6566533,0.5864211,0.8848114,0.230982,0.5488483,0.24050224,0.25644687,0.16644877,0.11279634,0.7257985,0.11180965,0.29119244,0.4951999,0.08748544,0.49602395,0.7605119,0.40194315,0.11981651,0.029883241,0.02654346,0.3293555,0.3525797,0.114071436,0.0003238045,0.7676133,0.054641344,0.20092815,0.43288743,0.18813352,0.00059602666,0.33379287,0.41782436,0.22616039,0.33858505,0.092537224,0.11898864,0.26059288,0.13305674,0.054159693,0.4856486,0.26383868,0.767559,0.31280708,0.6576821,0.101354614,0.20227069,0.2312104,0.9336686,0.6668916,0.009828531,0.29789516,0.40055925,0.19603772,0.89021856,0.14579894,0.39507097,0.5579839,0.67754364,0.6005085,0.040244166,0.23621814,0.22038087,0.08895653,0.12071293,0.022132562,0.38105878,0.40985966,0.6901831,0.42493078,0.56958836,0.27441314,0.6261818,0.45350203,0.4254839,0.19301961,0.6430125,0.55210966,0.17330855,0.5042186,0.25563705,0.00017012285,0.6271491,0.5010241,0.98673576,0.0008424704,0.9780434,0.056615654,0.42562425,0.4530979,0.56969714,0.22729596,0.4593066,0.9942715,0.94565916,0.3410507,0.36897156,0.33353332,0.14002907,0.10324222,0.18648309,0.094143964,0.071128,0.06520225,0.86505455,0.1844768,0.23423354,0.028156845,0.71188945,0.050484907,0.1032254,0.41253787,0.7625102
BC2026_Train_0001_S08_20250606_030007_30,0.00029995255,0.00011496782,0.00031057294,1.2049028e-05,0.00021883623,0.00015169535,0.00023538806,0.00045971203,0.00023538806,0.0002640871,0.00060269795,0.00028873564,0.00023538806,0.00011496782,0.00021883623,0.00041650565,0.00020015347,0.00011496782,0.0005314933,0.00037322016,0.00029995255,0.00015169535,0.00091896055,1.2049028e-05,0.00042308855,0.00017840101,0.00043581234,0.0003884586,0.00033031905,0.0005173544,1.2049028e-05,1.2049028e-05,1.2049028e-05,1.2049028e-05,1.2049028e-05,1.2049028e-05,1.2049028e-05,1.2049028e-05,1.2049028e-05,1.2049028e-05,1.2049028e-05,1.2049028e-05,1.2049028e-05,1.2049028e-05,1.2049028e-05,1.2049028e-05,1.2049028e-05,1.2049028e-05,1.2049028e-05,1.2049028e-05,1.2049028e-05,1.2049028e-05,1.2049028e-05,1.2049028e-05,1.2049028e-05,0.00017840101,0.00011496782,1.2049028e-05,0.00017840101,0.00027682335,0.00036523817,0.00017840101,0.0005314933,0.00040284864,0.00021883623,0.00033031905,0.00023538806,0.00015169535,0.00021883623,0.00028873564,0.00017840101,0.0002503551,0.17673235,0.2325297,0.18886407,0.22737347,0.23427586,0.8190546,0.3469255,0.21674567,0.26898736,0.038303263,0.5725516,0.0834063,0.15989837,0.60270953,0.38667145,0.6376598,0.54855937,0.15413305,0.73993284,0.54437846,0.22311454,0.10673681,0.1275809,0.33251128,0.30012667,0.12839611,0.3453171,0.3843067,0.065683976,0.057427645,0.81581616,0.99128205,0.9938449,0.36086795,0.2034893,0.064412236,0.37188977,0.50515985,0.27160665,0.9520384,0.16162139,0.6138231,0.17219083,0.5273984,0.27155307,0.24513204,0.098499924,0.6912015,0.4135841,0.78629017,0.60303897,0.6833077,0.8253302,0.31477273,0.57051575,0.26775473,0.19074202,0.20357625,0.116004035,0.74601483,0.08191461,0.2863399,0.5055264,0.089119285,0.5193985,0.8387503,0.31116483,0.095331624,0.03303788,0.03350692,0.43731356,0.32445234,0.14554058,0.00033955876,0.8061643,0.03767378,0.31453487,0.53987485,0.21415211,0.00062501914,0.28867364,0.3459496,0.2498599,0.2830114,0.102424756,0.11441925,0.25608632,0.13429686,0.06432363,0.5252911,0.24386002,0.6970508,0.37911195,0.5933426,0.11375513,0.2519218,0.24700874,0.94445306,0.6955336,0.010217916,0.36579227,0.41569403,0.3267392,0.8481953,0.16022177,0.32371,0.5696861,0.6402202,0.7905847,0.04815508,0.2506486,0.19101295,0.124087356,0.12971383,0.0225411,0.41327372,0.3955482,0.6566728,0.44400147,0.5699852,0.23806886,0.6315121,0.5711039,0.44430253,0.3430679,0.699912,0.5563263,0.17025027,0.52118593,0.28471684,0.00017840101,0.56821465,0.47559074,0.98077273,0.0008834427,0.9691292,0.07308341,0.42080823,0.4166015,0.54195327,0.28423363,0.42282432,0.9923872,0.92110944,0.39831686,0.33460414,0.331514,0.16726819,0.18329607,0.21340403,0.14612848,0.107628085,0.05360613,0.88222456,0.23372462,0.30994707,0.039457295,0.7983434,0.06737973,0.07829479,0.5025061,0.80046946
BC2026_Train_0001_S08_20250606_030007_35,0.00031133133,0.00011932993,0.00032235455,1.2506236e-05,0.00022713847,0.00015745076,0.00024431813,0.00047714874,0.00024431813,0.00027410567,0.00062555517,0.00029968904,0.00024431813,0.00011932993,0.00022713847,0.00043230428,0.00020774706,0.00011932993,0.00055165135,0.00038737748,0.00031133133,0.00015745076,0.0009538017,1.2506236e-05,0.00043913673,0.00018516945,0.00045234297,0.0004031937,0.00034284944,0.0005369765,1.2506236e-05,1.2506236e-05,1.2506236e-05,1.2506236e-05,1.2506236e-05,1.2506236e-05,1.2506236e-05,1.2506236e-05,1.2506236e-05,1.2506236e-05,1.2506236e-05,1.2506236e-05,1.2506236e-05,1.2506236e-05,1.2506236e-05,1.2506236e-05,1.2506236e-05,1.2506236e-05,1.2506236e-05,1.2506236e-05,1.2506236e-05,1.2506236e-05,1.2506236e-05,1.2506236e-05,1.2506236e-05,0.00018516945,0.00011932993,1.2506236e-05,0.00018516945,0.00028732498,0.0003790928,0.00018516945,0.00055165135,0.00041812944,0.00022713847,0.00034284944,0.00024431813,0.00015745076,0.00022713847,0.00029968904,0.00018516945,0.00025985285,0.13186792,0.39121342,0.17491911,0.22073884,0.2304432,0.73064774,0.4270819,0.20042197,0.25707513,0.035170462,0.6011308,0.072248556,0.13549732,0.49950764,0.37775698,0.5775182,0.46488234,0.10817654,0.763028,0.5863163,0.21845265,0.077419244,0.12499609,0.35220826,0.29703793,0.12507519,0.39622945,0.29070914,0.05728229,0.054649573,0.79792964,0.99068284,0.9946124,0.33126095,0.16507441,0.08548954,0.35868254,0.42304862,0.22540249,0.96469903,0.1606092,0.575834,0.245559,0.46550682,0.3062414,0.2890731,0.06811537,0.64235723,0.33283103,0.7694506,0.4993561,0.6667502,0.800413,0.28365976,0.48817256,0.23145354,0.14780459,0.26561943,0.107444055,0.8040532,0.0783709,0.31218717,0.51866925,0.07623072,0.5615165,0.8381911,0.29529637,0.1347531,0.037739053,0.036724836,0.41263765,0.32439834,0.24584821,0.00035243953,0.6925681,0.03035182,0.2112597,0.546983,0.23774551,0.00064872234,0.28079742,0.31035137,0.2506384,0.27341726,0.091795236,0.10616036,0.21283159,0.117107995,0.082439944,0.4890623,0.22250587,0.6510112,0.3019096,0.4773002,0.12774539,0.22801468,0.19694982,0.9206913,0.58105177,0.009538239,0.30192527,0.37586644,0.2581189,0.84171265,0.1354617,0.3144742,0.48262134,0.58593184,0.7118709,0.05368012,0.25140262,0.21654499,0.09957713,0.09770808,0.016980132,0.3421062,0.30681002,0.7203769,0.43231693,0.5975047,0.24825864,0.569799,0.48900297,0.4638252,0.2497035,0.571414,0.476595,0.17429936,0.41257957,0.20560943,0.00018516945,0.51304376,0.3422577,0.98106784,0.00091693824,0.97697496,0.06363798,0.38237783,0.3494914,0.46509513,0.28431144,0.4807854,0.9940784,0.9333417,0.30602086,0.31856766,0.2572951,0.14908934,0.09169219,0.22919494,0.13709569,0.056143977,0.054159395,0.79926074,0.20700939,0.35571802,0.027257325,0.70302564,0.09939574,0.08034862,0.49647355,0.7557017
BC2026_Train_0001_S08_20250606_030007_40,0.00030418864,0.00011659187,0.00031495895,1.2219255e-05,0.00022192691,0.00015383805,0.00023871257,0.00046620306,0.00023871257,0.00026781682,0.0006112066,0.00029281338,0.00023871257,0.00011659187,0.00022192691,0.00042238695,0.00020298046,0.00011659187,0.00053899724,0.0003784905,0.00030418864,0.00015383805,0.00093192916,1.2219255e-05,0.00042906275,0.00018092072,0.00044196614,0.000393944,0.00033498378,0.00052465894,1.2219255e-05,1.2219255e-05,1.2219255e-05,1.2219255e-05,1.2219255e-05,1.2219255e-05,1.2219255e-05,1.2219255e-05,1.2219255e-05,1.2219255e-05,1.2219255e-05,1.2219255e-05,1.2219255e-05,1.2219255e-05,1.2219255e-05,1.2219255e-05,1.2219255e-05,1.2219255e-05,1.2219255e-05,1.2219255e-05,1.2219255e-05,1.2219255e-05,1.2219255e-05,1.2219255e-05,1.2219255e-05,0.00018092072,0.00011659187,1.2219255e-05,0.00018092072,0.0002807329,0.00037039584,0.00018092072,0.00053899724,0.00040853722,0.00022192691,0.00033498378,0.00023871257,0.00015383805,0.00022192691,0.00029281338,0.00018092072,0.00025389093,0.12753339,0.23218039,0.12642771,0.20991713,0.22484684,0.6604088,0.45136678,0.19418931,0.26139125,0.043681636,0.59360033,0.077013604,0.15909594,0.50574857,0.32877573,0.517881,0.43421125,0.090505406,0.720711,0.4742407,0.16332513,0.07241364,0.16866231,0.30123985,0.19304019,0.15101214,0.3509178,0.1875638,0.06516651,0.048626002,0.79401904,0.99119365,0.99236655,0.27396992,0.16718222,0.09421545,0.29743075,0.40328628,0.25775382,0.9482722,0.18116805,0.5333191,0.143909,0.51333636,0.2675593,0.23104958,0.07361305,0.53062737,0.34704128,0.71051115,0.44335857,0.6028824,0.7892475,0.26395833,0.4616445,0.22445466,0.13509466,0.19389622,0.09789285,0.81415975,0.07308898,0.29220626,0.5194392,0.08923082,0.5747787,0.7033725,0.26180762,0.08843437,0.043606117,0.026144808,0.25785846,0.34303102,0.18550603,0.0003443539,0.6971083,0.06186793,0.1942813,0.52907985,0.18973681,0.00063384266,0.2804394,0.5505728,0.24579781,0.3350438,0.08550508,0.11611186,0.16214958,0.1275204,0.07219415,0.397643,0.2037019,0.63298684,0.30088836,0.49223265,0.12604769,0.24139087,0.21557975,0.92725134,0.5953318,0.009963066,0.23096856,0.38109347,0.23375516,0.79058963,0.13513932,0.27359515,0.5115826,0.55252886,0.70980585,0.041015584,0.2614958,0.18872367,0.095390745,0.08485959,0.017337369,0.31463566,0.37497082,0.6634602,0.3385852,0.6484606,0.21155235,0.5170497,0.38813987,0.45403665,0.19400233,0.49600387,0.41263735,0.14295872,0.39548722,0.16698582,0.00018092072,0.51899785,0.32009497,0.9919711,0.0008959106,0.9729697,0.07590334,0.35275054,0.2638631,0.43596175,0.22095287,0.5258435,0.99389833,0.93521464,0.28934687,0.33123583,0.2465132,0.16110003,0.060683772,0.18497565,0.09155376,0.05107147,0.047899842,0.76027906,0.17836139,0.30663776,0.019440215,0.5148791,0.065687075,0.09040819,0.41383898,0.627164
BC2026_Train_0001_S08_20250606_030007_45,0.000277418,0.0001063293,0.00028724057,1.1143604e-05,0.00020239444,0.0001402975,0.00021770297,0.00042517984,0.00021770297,0.00024424645,0.00055743044,0.0002670436,0.00021770297,0.0001063293,0.00020239444,0.00038521766,0.00018511526,0.0001063293,0.0004915714,0.0003451829,0.000277418,0.0001402975,0.00084995746,1.1143604e-05,0.00039130644,0.00016499676,0.00040307478,0.00035927692,0.00030550375,0.0004784941,1.1143604e-05,1.1143604e-05,1.1143604e-05,1.1143604e-05,1.1143604e-05,1.1143604e-05,1.1143604e-05,1.1143604e-05,1.1143604e-05,1.1143604e-05,1.1143604e-05,1.1143604e-05,1.1143604e-05,1.1143604e-05,1.1143604e-05,1.1143604e-05,1.1143604e-05,1.1143604e-05,1.1143604e-05,1.1143604e-05,1.1143604e-05,1.1143604e-05,1.1143604e-05,1.1143604e-05,1.1143604e-05,0.00016499676,0.0001063293,1.1143604e-05,0.00016499676,0.00025602605,0.0003378004,0.00016499676,0.0004915714,0.00037258636,0.00020239444,0.00030550375,0.00021770297,0.0001402975,0.00020239444,0.0002670436,0.00016499676,0.00023154588,0.16761576,0.26142925,0.12793718,0.20300093,0.21559472,0.73834366,0.29210073,0.18566431,0.22320051,0.041232836,0.6564515,0.043472834,0.21501814,0.60405,0.38724414,0.513386,0.47603577,0.099052876,0.71314853,0.48359513,0.12346836,0.096163906,0.17097825,0.30560228,0.18591994,0.13442527,0.28563565,0.24682157,0.109421715,0.045044445,0.83141613,0.9891927,0.99266136,0.28857908,0.2332487,0.061388172,0.30022737,0.4858232,0.4819992,0.93555593,0.24308115,0.53406096,0.096054874,0.6307709,0.2705362,0.20473303,0.10571128,0.5738793,0.6100264,0.7623622,0.65901387,0.53464776,0.82014483,0.22814183,0.4028411,0.25067884,0.18741098,0.21165058,0.13230887,0.8017694,0.07224657,0.3049763,0.5188793,0.12049216,0.751717,0.75099385,0.30812263,0.086054705,0.04405987,0.027156403,0.25506264,0.34330437,0.2797559,0.0003140494,0.82587117,0.12253148,0.18725516,0.5006536,0.22392754,0.0005780762,0.24578539,0.5879836,0.26899546,0.54187596,0.105561316,0.21147822,0.17656967,0.16853301,0.049178477,0.4803117,0.1830163,0.8038898,0.3462313,0.5201654,0.096561305,0.31506023,0.3490837,0.9401009,0.7156957,0.011540854,0.26098213,0.42962566,0.20201524,0.7879018,0.18633254,0.34763217,0.66623175,0.54451877,0.70504904,0.045951895,0.32349953,0.18446857,0.17103297,0.0946672,0.02374635,0.4134753,0.3770914,0.61615735,0.32579738,0.73058254,0.2581313,0.5954939,0.44627836,0.45935977,0.20587331,0.48597482,0.44523805,0.10940178,0.47651637,0.24599984,0.00016499676,0.59189725,0.44401887,0.988134,0.0008171049,0.964653,0.06486109,0.34700572,0.2921331,0.56651646,0.14845456,0.47637263,0.99251837,0.9399409,0.3868085,0.3907263,0.32688975,0.15146114,0.07561998,0.1849076,0.06591487,0.06815219,0.061028533,0.76995385,0.19514912,0.34154356,0.023856908,0.57705134,0.050646044,0.091566384,0.42008778,0.7429142
BC2026_Train_0001_S08_20250606_030007_50,0.00029468027,0.00011294673,0.0003051138,1.1837194e-05,0.00021498931,0.00014902868,0.00023125023,0.0004516326,0.00023125023,0.0002594451,0.0005921065,0.00028366045,0.00023125023,0.00011294673,0.00021498931,0.000409185,0.00019663507,0.00011294673,0.00052215264,0.00036666027,0.00029468027,0.00014902868,0.0009028152,1.1837194e-05,0.00041565255,0.0001752648,0.0004281528,0.00038163093,0.0003245131,0.00050826214,1.1837194e-05,1.1837194e-05,1.1837194e-05,1.1837194e-05,1.1837194e-05,1.1837194e-05,1.1837194e-05,1.1837194e-05,1.1837194e-05,1.1837194e-05,1.1837194e-05,1.1837194e-05,1.1837194e-05,1.1837194e-05,1.1837194e-05,1.1837194e-05,1.1837194e-05,1.1837194e-05,1.1837194e-05,1.1837194e-05,1.1837194e-05,1.1837194e-05,1.1837194e-05,1.1837194e-05,1.1837194e-05,0.0001752648,0.00011294673,1.1837194e-05,0.0001752648,0.0002719575,0.00035881865,0.0001752648,0.00052215264,0.00039576815,0.00021498931,0.0003245131,0.00023125023,0.00014902868,0.00021498931,0.00028366045,0.0001752648,0.00024595443,0.14848746,0.35643944,0.14794506,0.22973914,0.2685332,0.6663281,0.27613682,0.18770227,0.25156584,0.03559659,0.60907817,0.04827259,0.15879837,0.5941244,0.28403363,0.5527219,0.56504416,0.09888529,0.7565014,0.5509283,0.14262505,0.08921848,0.11814533,0.45477366,0.25025123,0.116248034,0.32669926,0.32943314,0.07526673,0.044796746,0.86189234,0.98944366,0.99297863,0.32138467,0.22205563,0.07680892,0.2824807,0.46824878,0.39380074,0.95424736,0.18274581,0.56779844,0.12465174,0.5656191,0.2272954,0.21542604,0.09819502,0.64003736,0.5244909,0.75994873,0.6352098,0.580834,0.84807205,0.25837523,0.55274487,0.25008747,0.17846584,0.25552228,0.1454736,0.7964033,0.08525634,0.30952162,0.5184741,0.076481566,0.62537014,0.82111543,0.307283,0.09747987,0.03794485,0.032809887,0.29731613,0.33941814,0.22978257,0.0003335903,0.7632117,0.065658085,0.16124895,0.5725648,0.21824762,0.0006140359,0.22678377,0.4062754,0.2588224,0.39345452,0.09766117,0.15104185,0.23756689,0.13148297,0.040325537,0.41688773,0.24723397,0.7475281,0.33476993,0.56079286,0.13024943,0.24819802,0.27354634,0.938659,0.72952306,0.009637973,0.3001766,0.47769925,0.19803967,0.8488804,0.15504909,0.352949,0.5698188,0.5783332,0.5936382,0.05499007,0.27829537,0.19808878,0.14712921,0.113616206,0.024080493,0.35056654,0.33645156,0.6900893,0.2840107,0.68351483,0.27030423,0.63377625,0.45739686,0.48446703,0.24331942,0.57620394,0.45097902,0.15987422,0.46822426,0.257917,0.0001752648,0.63586086,0.43511617,0.9698849,0.0008679213,0.9706722,0.06234117,0.37288946,0.29701588,0.5730131,0.12320708,0.52498555,0.9942586,0.9374814,0.34725633,0.42195407,0.26379848,0.13752083,0.08849446,0.18380176,0.07728525,0.051846813,0.058573294,0.7939061,0.16690044,0.2854161,0.023907878,0.5939965,0.060920753,0.10769177,0.38828787,0.85666287
BC2026_Train_0001_S08_20250606_030007_55,0.00027667434,0.000106044055,0.0002864706,1.1113698e-05,0.00020185177,0.00013992122,0.00021711923,0.0004240407,0.00021711923,0.00024359162,0.00055593776,0.0002663277,0.00021711923,0.000106044055,0.00020185177,0.00038418543,0.00018461887,0.000106044055,0.0004902547,0.00034425786,0.00027667434,0.00013992122,0.00084768404,1.1113698e-05,0.00039025795,0.00016455431,0.0004019948,0.0003583141,0.00030468492,0.00047721236,1.1113698e-05,1.1113698e-05,1.1113698e-05,1.1113698e-05,1.1113698e-05,1.1113698e-05,1.1113698e-05,1.1113698e-05,1.1113698e-05,1.1113698e-05,1.1113698e-05,1.1113698e-05,1.1113698e-05,1.1113698e-05,1.1113698e-05,1.1113698e-05,1.1113698e-05,1.1113698e-05,1.1113698e-05,1.1113698e-05,1.1113698e-05,1.1113698e-05,1.1113698e-05,1.1113698e-05,1.1113698e-05,0.00016455431,0.000106044055,1.1113698e-05,0.00016455431,0.00025533966,0.00033689511,0.00016455431,0.0004902547,0.00037158793,0.00020185177,0.00030468492,0.00021711923,0.00013992122,0.00020185177,0.0002663277,0.00016455431,0.0002309251,0.15578718,0.23009114,0.12797081,0.17434683,0.25142688,0.66991174,0.35106084,0.19807144,0.23813051,0.040593762,0.57767475,0.05985729,0.12385681,0.54013604,0.33072808,0.5345116,0.5595911,0.0977757,0.71547544,0.6568057,0.1390392,0.07586216,0.0959848,0.49230546,0.29574794,0.1049664,0.44148004,0.24083479,0.068016484,0.041475367,0.8147658,0.99109447,0.9922698,0.29986984,0.26960373,0.120351255,0.31851363,0.438463,0.3367513,0.95629156,0.22313844,0.566554,0.11824222,0.50951904,0.26291636,0.21951297,0.10085105,0.62750334,0.34744123,0.71944296,0.534189,0.6463835,0.82130194,0.33418357,0.5982136,0.24956179,0.15647416,0.21673372,0.21441655,0.80393684,0.077342086,0.34053746,0.5176351,0.0779554,0.45113495,0.7419875,0.30224997,0.08932727,0.03139861,0.034170628,0.27301243,0.33374754,0.14541204,0.00031320762,0.72985923,0.04551407,0.14259711,0.5202723,0.20316374,0.0005765284,0.2336912,0.44020048,0.22134656,0.3367553,0.086013645,0.10600942,0.20874758,0.12779811,0.051225256,0.4054066,0.22369663,0.616052,0.34493744,0.45509702,0.13818459,0.22075562,0.26421192,0.9394034,0.7796671,0.009474782,0.23731579,0.44899508,0.22792412,0.9009568,0.16601056,0.34552115,0.49032706,0.65329945,0.5698202,0.052361086,0.2476863,0.20356844,0.09676204,0.10084607,0.027154006,0.40422383,0.29769346,0.69901943,0.32582223,0.68573815,0.2919739,0.5368119,0.4203927,0.4547068,0.24157554,0.6043243,0.48797515,0.16257782,0.43570092,0.15659061,0.00016455431,0.65538996,0.36567193,0.98007506,0.000814919,0.97694975,0.075635105,0.35355875,0.31901386,0.49047613,0.17184961,0.5356937,0.9912014,0.94229776,0.28592393,0.34975287,0.1930371,0.13072056,0.07902531,0.25299636,0.11160937,0.036087107,0.048782002,0.84345895,0.16632195,0.28290516,0.02327202,0.5982355,0.06585235,0.11055865,0.31527567,0.8091154
BC2026_Train_0001_S08_20250606_030007_60,0.00026807215,0.000102746366,0.00027756408,1.0768056e-05,0.0001955755,0.0001355702,0.00021036837,0.00041085883,0.00021036837,0.00023601773,0.0005386584,0.0002580471,0.00021036837,0.000102746366,0.0001955755,0.00037224218,0.00017887821,0.000102746366,0.00047501578,0.00033355536,0.00026807215,0.0001355702,0.00082134525,1.0768056e-05,0.00037812578,0.00015943755,0.00038949793,0.00034717473,0.0002952121,0.0004623786,1.0768056e-05,1.0768056e-05,1.0768056e-05,1.0768056e-05,1.0768056e-05,1.0768056e-05,1.0768056e-05,1.0768056e-05,1.0768056e-05,1.0768056e-05,1.0768056e-05,1.0768056e-05,1.0768056e-05,1.0768056e-05,1.0768056e-05,1.0768056e-05,1.0768056e-05,1.0768056e-05,1.0768056e-05,1.0768056e-05,1.0768056e-05,1.0768056e-05,1.0768056e-05,1.0768056e-05,1.0768056e-05,0.00015943755,0.000102746366,1.0768056e-05,0.00015943755,0.0002474006,0.0003264213,0.00015943755,0.00047501578,0.00036003607,0.0001955755,0.0002952121,0.00021036837,0.0001355702,0.0001955755,0.0002580471,0.00015943755,0.00022374495,0.17424159,0.1699368,0.14276555,0.15551384,0.18634397,0.8054967,0.39076546,0.20475876,0.19773191,0.039714124,0.61472154,0.05083771,0.13147277,0.43287414,0.5832304,0.48504776,0.5526895,0.085994355,0.59810436,0.8359164,0.09977778,0.078210495,0.120988354,0.30985147,0.32904634,0.10763832,0.31539875,0.16776893,0.07910718,0.039673828,0.7511591,0.98954,0.9949121,0.29894337,0.22240041,0.07094497,0.20632122,0.35876295,0.21413532,0.9301454,0.15873758,0.45205975,0.11015461,0.520885,0.2867011,0.21769059,0.1156421,0.53465724,0.5486984,0.7430165,0.4320161,0.60125047,0.85628486,0.4682213,0.6032143,0.24872424,0.18213566,0.27546176,0.5012754,0.7881934,0.07485784,0.23939194,0.2998503,0.09775502,0.5515586,0.6618191,0.36196235,0.102430165,0.031988718,0.031770036,0.23371053,0.28888372,0.20180325,0.0003034701,0.7094264,0.031694237,0.13910508,0.39720225,0.16558506,0.0005586092,0.31721413,0.28628686,0.21666636,0.257831,0.0909488,0.0815406,0.15683545,0.1823261,0.09438495,0.4616931,0.13550304,0.44076768,0.32635158,0.4343031,0.15465045,0.18875073,0.19659516,0.94272256,0.74547756,0.009874738,0.16146557,0.41695464,0.22200464,0.95098007,0.18020843,0.34158254,0.3158922,0.88819116,0.4320427,0.04432083,0.2735321,0.19402967,0.10116742,0.048454747,0.025831223,0.36795187,0.2520618,0.6812307,0.30444917,0.6938833,0.3948374,0.49337253,0.51611584,0.4032904,0.25790182,0.5933273,0.5081165,0.1149666,0.3116777,0.12016027,0.00015943755,0.58080757,0.27541098,0.9582939,0.0007895971,0.976774,0.070294715,0.38022855,0.40461606,0.4822211,0.22801332,0.41591787,0.9825361,0.9168024,0.20603782,0.31073266,0.1425075,0.12796581,0.09250055,0.18789272,0.11934763,0.04229785,0.05905006,0.8677136,0.1381772,0.3217423,0.02889983,0.6444034,0.052678186,0.1402898,0.26272035,0.6509526
BC2026_Train_0002_S08_20250607_030007_5,0.00031757404,0.000121723366,0.0003288182,1.2757116e-05,0.00023169354,0.0001606086,0.0002492176,0.00048671407,0.0002492176,0.00027960227,0.00063809287,0.0003056984,0.0002492176,0.000121723366,0.00023169354,0.0004409712,0.00021191336,0.000121723366,0.000562709,0.00039514413,0.00031757404,0.0001606086,0.000972909,1.2757116e-05,0.0004479405,0.0001888831,0.0004614113,0.00041127732,0.0003497238,0.00054774026,1.2757116e-05,1.2757116e-05,1.2757116e-05,1.2757116e-05,1.2757116e-05,1.2757116e-05,1.2757116e-05,1.2757116e-05,1.2757116e-05,1.2757116e-05,1.2757116e-05,1.2757116e-05,1.2757116e-05,1.2757116e-05,1.2757116e-05,1.2757116e-05,1.2757116e-05,1.2757116e-05,1.2757116e-05,1.2757116e-05,1.2757116e-05,1.2757116e-05,1.2757116e-05,1.2757116e-05,1.2757116e-05,0.0001888831,0.000121723366,1.2757116e-05,0.0001888831,0.00029308654,0.00038669346,0.0001888831,0.000562709,0.00042651233,0.00023169354,0.0003497238,0.0002492176,0.0001606086,0.00023169354,0.0003056984,0.0001888831,0.0002650637,0.099351205,0.14059038,0.15181917,0.2234229,0.29606178,0.6600972,0.108945526,0.17415228,0.24053684,0.04513618,0.5589534,0.047483534,0.096299954,0.5584273,0.37280405,0.6001946,0.38502857,0.13352932,0.5807051,0.30388874,0.095594965,0.053324107,0.07061882,0.3587884,0.13337065,0.12902194,0.3101033,0.31177178,0.104048036,0.064039074,0.74649036,0.9601563,0.9734264,0.20220158,0.20468862,0.024778167,0.22626537,0.40497497,0.31458643,0.8992154,0.10284704,0.44247225,0.17903678,0.55440307,0.22697054,0.21952489,0.11053751,0.66812015,0.5148332,0.65460235,0.73215365,0.5282128,0.6701275,0.17378971,0.3376005,0.18256101,0.097840615,0.20990065,0.13205892,0.7621751,0.05972587,0.21518166,0.24018343,0.06110787,0.5575799,0.7017771,0.33748582,0.20947392,0.027136112,0.05739607,0.2852053,0.2554699,0.16050458,0.00035950614,0.7255733,0.035087917,0.20772085,0.2990238,0.18450493,0.00066172384,0.20388982,0.17231405,0.14605547,0.2556265,0.05920872,0.115019694,0.20982072,0.19443911,0.06779096,0.47023684,0.1113948,0.6223959,0.32654035,0.6068378,0.08384754,0.13849986,0.31681436,0.94018596,0.3981235,0.019730162,0.28026986,0.4351907,0.29608113,0.49866116,0.3231738,0.3077089,0.34849492,0.61215746,0.6839032,0.04228845,0.38412607,0.20536579,0.09206888,0.10439098,0.04725412,0.6053862,0.2559635,0.5843256,0.27447382,0.4445365,0.078595504,0.64241135,0.5101396,0.39879102,0.2803899,0.5263186,0.3492898,0.15474075,0.527501,0.2069861,0.0001888831,0.6318057,0.417274,0.7682685,0.00093530805,0.94197404,0.040470667,0.39503914,0.36457214,0.35612804,0.2040154,0.61707324,0.97207713,0.86503524,0.28853017,0.3964171,0.3601522,0.13779956,0.14607763,0.4913974,0.16632985,0.044567566,0.098874345,0.856107,0.20289323,0.19118747,0.028593319,0.45090207,0.05142025,0.09686953,0.20914882,0.9562564
BC2026_Train_0002_S08_20250607_030007_10,0.0002780777,0.000106582236,0.0002879238,1.1170115e-05,0.00020287582,0.00014063118,0.00021822081,0.00042619076,0.00021822081,0.00024482727,0.00055875577,0.0002676786,0.00021822081,0.000106582236,0.00020287582,0.00038613382,0.00018555552,0.000106582236,0.0004927402,0.00034600365,0.0002780777,0.00014063118,0.0008519776,1.1170115e-05,0.00039223686,0.00016538921,0.00040403317,0.0003601312,0.0003062302,0.00047963182,1.1170115e-05,1.1170115e-05,1.1170115e-05,1.1170115e-05,1.1170115e-05,1.1170115e-05,1.1170115e-05,1.1170115e-05,1.1170115e-05,1.1170115e-05,1.1170115e-05,1.1170115e-05,1.1170115e-05,1.1170115e-05,1.1170115e-05,1.1170115e-05,1.1170115e-05,1.1170115e-05,1.1170115e-05,1.1170115e-05,1.1170115e-05,1.1170115e-05,1.1170115e-05,1.1170115e-05,1.1170115e-05,0.00016538921,0.000106582236,1.1170115e-05,0.00016538921,0.00025663487,0.00033860366,0.00016538921,0.0004927402,0.00037347237,0.00020287582,0.0003062302,0.00021822081,0.00014063118,0.00020287582,0.0002676786,0.00016538921,0.00023209653,0.1201309,0.12339675,0.28958768,0.23621266,0.2423031,0.5985013,0.12516157,0.21432039,0.2748715,0.042944364,0.5799952,0.044206686,0.12730028,0.64443326,0.33317852,0.56034446,0.38523623,0.1142129,0.54742146,0.37966287,0.11929901,0.06370153,0.09330566,0.379557,0.10764556,0.12376703,0.32157296,0.24936303,0.12904736,0.054149084,0.7520164,0.96545535,0.9793604,0.17706242,0.25957754,0.030368108,0.1876716,0.43480527,0.27693656,0.89548045,0.08589521,0.47078818,0.15302055,0.5302267,0.21257432,0.1859966,0.15494911,0.67202485,0.42382896,0.5858518,0.73872185,0.62947935,0.6725963,0.19655916,0.3777964,0.25252065,0.108240895,0.21978582,0.12955122,0.7602291,0.06913938,0.22219427,0.2622814,0.06689795,0.37063277,0.7017679,0.24387859,0.13039035,0.035371717,0.052686833,0.2836078,0.29866078,0.15744339,0.0003147963,0.7827295,0.039362177,0.2661909,0.3558473,0.19910385,0.00057945034,0.22966467,0.1751864,0.16855755,0.19743429,0.06373231,0.19166587,0.19275305,0.17042343,0.049250595,0.48262903,0.11606485,0.6338987,0.36966562,0.6643911,0.07241417,0.13446881,0.27759787,0.952586,0.4132425,0.015177888,0.29675263,0.37754962,0.26143697,0.5381779,0.23469079,0.3199443,0.3401788,0.56093264,0.7728976,0.041797712,0.34422258,0.2541799,0.08449022,0.104938544,0.07548606,0.5105708,0.28662917,0.5315792,0.22722307,0.45505452,0.08672372,0.60142046,0.4733072,0.4232994,0.22100571,0.58347106,0.3484904,0.13687241,0.5386393,0.13687678,0.00016538921,0.60306567,0.35953104,0.79497474,0.0008190467,0.92321223,0.049271464,0.4310996,0.34243396,0.4648608,0.30259797,0.58500856,0.96667594,0.81858444,0.26784304,0.35970858,0.27676395,0.1184932,0.11310331,0.2945683,0.12197313,0.04956863,0.06931104,0.8705967,0.21439652,0.220454,0.030811653,0.42859617,0.042167574,0.13273501,0.22944684,0.93666303
BC2026_Train_0002_S08_20250607_030007_15,0.00028100715,0.00010770511,0.0002909568,1.1287799e-05,0.00020501306,0.00014211277,0.00022051967,0.00043068026,0.00022051967,0.00024740648,0.00056464126,0.0002704985,0.00022051967,0.00010770511,0.00020501306,0.00039020125,0.00018751036,0.00010770511,0.0004979305,0.00034964856,0.00028100715,0.00014211277,0.00086095056,1.1287799e-05,0.00039636873,0.00016713157,0.00040828928,0.0003639249,0.00030945623,0.00048468405,1.1287799e-05,1.1287799e-05,1.1287799e-05,1.1287799e-05,1.1287799e-05,1.1287799e-05,1.1287799e-05,1.1287799e-05,1.1287799e-05,1.1287799e-05,1.1287799e-05,1.1287799e-05,1.1287799e-05,1.1287799e-05,1.1287799e-05,1.1287799e-05,1.1287799e-05,1.1287799e-05,1.1287799e-05,1.1287799e-05,1.1287799e-05,1.1287799e-05,1.1287799e-05,1.1287799e-05,1.1287799e-05,0.00016713157,0.00010770511,1.1287799e-05,0.00016713157,0.00025933847,0.00034217065,0.00016713157,0.0004979305,0.00037740654,0.00020501306,0.00030945623,0.00022051967,0.00014211277,0.00020501306,0.0002704985,0.00016713157,0.00023454164,0.10743684,0.120717116,0.15392187,0.24777852,0.20524523,0.6756119,0.17633253,0.21975735,0.30034298,0.0558744,0.5426228,0.049689334,0.144878,0.6266865,0.3055641,0.6743049,0.46336088,0.13238275,0.5882653,0.49096358,0.1401825,0.06508839,0.10668183,0.39217108,0.12298062,0.13182801,0.3551361,0.2047477,0.2823397,0.04555568,0.796148,0.97033226,0.9714297,0.18814275,0.38788515,0.028850202,0.22183035,0.49938318,0.27346706,0.8519127,0.12244761,0.52330106,0.16317143,0.60312086,0.18032359,0.1713776,0.10536925,0.70000374,0.36595386,0.5536709,0.7089262,0.63655627,0.5840322,0.20284827,0.38701838,0.20428322,0.11206092,0.23731089,0.10749531,0.74878347,0.08870875,0.22876132,0.32864228,0.062404487,0.29324836,0.7106891,0.28098816,0.109010965,0.033518653,0.0596438,0.25507003,0.28507882,0.15881342,0.0003181125,0.83025515,0.040007606,0.18314956,0.32937393,0.21294864,0.0005855539,0.2787685,0.19065809,0.18826273,0.21043077,0.07300137,0.24146187,0.19951697,0.1679095,0.049834073,0.5662015,0.12292529,0.6144157,0.3758706,0.59811115,0.081926085,0.14766632,0.34431276,0.9565822,0.5027737,0.019222725,0.28142625,0.4336826,0.3225666,0.5951795,0.21165755,0.41047117,0.4192075,0.52715194,0.73472214,0.04219714,0.37789676,0.39684704,0.13538744,0.10676312,0.061535507,0.43977332,0.37655845,0.5410373,0.20292278,0.49391988,0.113927014,0.647604,0.55845374,0.5159063,0.2344531,0.5731837,0.33840102,0.14562625,0.5743605,0.16864286,0.00016713157,0.6504777,0.36833474,0.7895418,0.0008276731,0.9273052,0.058250383,0.38136193,0.34586748,0.4909654,0.27883777,0.51606023,0.95937616,0.81625605,0.31423214,0.3082246,0.28228745,0.11938751,0.12548846,0.40566692,0.11391274,0.054369837,0.07589786,0.9011776,0.31973103,0.22243759,0.029398486,0.5517673,0.034985937,0.16566104,0.27673566,0.9487836
BC2026_Train_0002_S08_20250607_030007_20,0.0002551242,9.778313e-05,0.00026415774,1.0247858e-05,0.00018612847,0.00012902146,0.00020020705,0.00039101654,0.00020020705,0.00022461772,0.0005126467,0.00024558324,0.00020020705,9.778313e-05,0.00018612847,0.0003542643,0.00017023773,9.778313e-05,0.0004520762,0.00031744517,0.0002551242,0.00012902146,0.0007816917,1.0247858e-05,0.00035986386,0.00015173589,0.00037068696,0.00033040706,0.00028095362,0.0004400491,1.0247858e-05,1.0247858e-05,1.0247858e-05,1.0247858e-05,1.0247858e-05,1.0247858e-05,1.0247858e-05,1.0247858e-05,1.0247858e-05,1.0247858e-05,1.0247858e-05,1.0247858e-05,1.0247858e-05,1.0247858e-05,1.0247858e-05,1.0247858e-05,1.0247858e-05,1.0247858e-05,1.0247858e-05,1.0247858e-05,1.0247858e-05,1.0247858e-05,1.0247858e-05,1.0247858e-05,1.0247858e-05,0.00015173589,9.778313e-05,1.0247858e-05,0.00015173589,0.00023545092,0.0003106558,0.00015173589,0.0004520762,0.00034264755,0.00018612847,0.00028095362,0.00020020705,0.00012902146,0.00018612847,0.00024558324,0.00015173589,0.00021293762,0.12371576,0.15382473,0.13744697,0.3065246,0.28155884,0.6637866,0.120895274,0.20513529,0.2650943,0.065025076,0.5862514,0.044105534,0.13870983,0.63404244,0.28221405,0.6326422,0.42135707,0.13449758,0.5953378,0.33802727,0.116134055,0.06417195,0.062846534,0.3914229,0.16502659,0.13709831,0.35195297,0.20066826,0.45950058,0.053888444,0.77772415,0.9637802,0.9563925,0.19052806,0.377752,0.032518942,0.21255156,0.4686915,0.28068167,0.7636241,0.09129146,0.5293933,0.18170811,0.65130615,0.15824226,0.18283571,0.10872678,0.68905365,0.43947014,0.5719904,0.73462844,0.6570688,0.52186596,0.19653283,0.34266606,0.18997036,0.14220269,0.21018052,0.11511383,0.77916104,0.094159395,0.20478626,0.3871539,0.087166645,0.43091142,0.75800157,0.3335997,0.14064614,0.037448127,0.055018637,0.2304479,0.28404522,0.183187,0.00028881288,0.71773803,0.04066927,0.11654902,0.292653,0.27165106,0.00053163455,0.26819402,0.16991113,0.15244356,0.20303278,0.094832845,0.1906828,0.19889012,0.18234244,0.04562376,0.4824566,0.11818214,0.5558219,0.31619436,0.67750967,0.08466401,0.2562157,0.41373828,0.9471048,0.48121297,0.032930043,0.32788298,0.45681185,0.3629599,0.5795364,0.22939774,0.56459916,0.35017493,0.40932134,0.49445513,0.037918516,0.43801326,0.46237752,0.23171505,0.12944308,0.052322235,0.4111574,0.3937387,0.49975523,0.21452853,0.45597592,0.12192301,0.71056294,0.5574696,0.4877465,0.2592711,0.54152256,0.3400008,0.16189192,0.49725136,0.32132584,0.00015173589,0.67061955,0.3827035,0.6545278,0.00075147534,0.9008765,0.052698635,0.3558594,0.38383654,0.50121146,0.14900084,0.6562144,0.95276684,0.8167174,0.3308859,0.32865933,0.37247124,0.12488741,0.1022107,0.49869025,0.100156,0.057916954,0.09662142,0.8786793,0.26988098,0.22915313,0.02649368,0.6965246,0.036082365,0.14270037,0.25263047,0.9572701
BC2026_Train_0002_S08_20250607_030007_25,0.00023857655,9.143985e-05,0.0002470243,9.583014e-06,0.00017405517,0.00012065196,0.0001872207,0.00036565805,0.0001872207,0.00021004831,0.00047940397,0.0002296543,0.0001872207,9.143985e-05,0.00017405517,0.00033128847,0.00015919501,9.143985e-05,0.0004227595,0.0002968565,0.00023857655,0.00012065196,0.0007310157,9.583014e-06,0.000336525,0.00014189314,0.00034664644,0.000308978,0.00026273108,0.000411512,9.583014e-06,9.583014e-06,9.583014e-06,9.583014e-06,9.583014e-06,9.583014e-06,9.583014e-06,9.583014e-06,9.583014e-06,9.583014e-06,9.583014e-06,9.583014e-06,9.583014e-06,9.583014e-06,9.583014e-06,9.583014e-06,9.583014e-06,9.583014e-06,9.583014e-06,9.583014e-06,9.583014e-06,9.583014e-06,9.583014e-06,9.583014e-06,9.583014e-06,0.00014189314,9.143985e-05,9.583014e-06,0.00014189314,0.000220179,0.00029050733,0.00014189314,0.0004227595,0.00032042485,0.00017405517,0.00026273108,0.0001872207,0.00012065196,0.00017405517,0.0002296543,0.00014189314,0.00019912569,0.1881014,0.22331935,0.10846905,0.2953609,0.32895556,0.59972674,0.0962589,0.24391682,0.2643489,0.04529447,0.6184004,0.04918686,0.13608813,0.6609493,0.34576005,0.6174798,0.42151824,0.11413164,0.5547325,0.3204477,0.10576016,0.06664295,0.05282193,0.40072334,0.16623518,0.16952421,0.36842585,0.20858426,0.21147718,0.057,0.8466033,0.9654102,0.9533104,0.21936232,0.21747383,0.024602832,0.21840915,0.45262268,0.2791008,0.7787326,0.110859185,0.5013288,0.14295036,0.524522,0.16403453,0.20796691,0.13625722,0.72542906,0.68538177,0.640253,0.6867531,0.65880144,0.59278035,0.2271177,0.25682756,0.20916736,0.194377,0.23236336,0.09532885,0.7646065,0.0907697,0.18137829,0.3250098,0.090872236,0.62546825,0.7605486,0.26767683,0.17488502,0.04795184,0.05389017,0.18438117,0.33997086,0.33747238,0.0002700807,0.57543314,0.040985312,0.10200613,0.34635988,0.26375014,0.0004971612,0.23274742,0.1826233,0.15496019,0.19173902,0.0768012,0.16989096,0.17700662,0.2488546,0.049895987,0.3945454,0.14263262,0.57797056,0.27970427,0.76868683,0.094009,0.5086441,0.40696466,0.9392023,0.43199083,0.026281733,0.27040887,0.39186385,0.4665353,0.5545829,0.16571867,0.6129637,0.34978962,0.35248825,0.5272186,0.044386663,0.43716633,0.25746047,0.45059568,0.13170035,0.041271966,0.37593287,0.36750898,0.4939148,0.21910204,0.51895696,0.13284579,0.72222924,0.51665694,0.36598378,0.20606725,0.5610857,0.34060746,0.14564827,0.45299077,0.21730171,0.00014189314,0.6332006,0.4014116,0.6261533,0.0007027568,0.8986245,0.051363513,0.329062,0.42582804,0.6133499,0.11638763,0.6496478,0.96162695,0.8406957,0.28589836,0.34992138,0.37365612,0.11947721,0.108147696,0.41482195,0.07375788,0.0729586,0.08210865,0.86957175,0.23935096,0.26942152,0.026607322,0.5997172,0.039575253,0.14106065,0.26142478,0.96067214
BC2026_Train_0002_S08_20250607_030007_30,0.00027667268,0.00010604378,0.00028646886,1.1113689e-05,0.00020185085,0.00013992072,0.00021711821,0.00042403702,0.00021711821,0.0002435903,0.00055593165,0.00026632615,0.00021711821,0.00010604378,0.00020185085,0.00038418244,0.00018461807,0.00010604378,0.00049024995,0.0003442553,0.00027667268,0.00013992072,0.0008476701,1.1113689e-05,0.0003902548,0.00016455365,0.00040199148,0.00035831143,0.00030468294,0.00047720782,1.1113689e-05,1.1113689e-05,1.1113689e-05,1.1113689e-05,1.1113689e-05,1.1113689e-05,1.1113689e-05,1.1113689e-05,1.1113689e-05,1.1113689e-05,1.1113689e-05,1.1113689e-05,1.1113689e-05,1.1113689e-05,1.1113689e-05,1.1113689e-05,1.1113689e-05,1.1113689e-05,1.1113689e-05,1.1113689e-05,1.1113689e-05,1.1113689e-05,1.1113689e-05,1.1113689e-05,1.1113689e-05,0.00016455365,0.00010604378,1.1113689e-05,0.00016455365,0.00025533824,0.0003368927,0.00016455365,0.00049024995,0.0003715851,0.00020185085,0.00030468294,0.00021711821,0.00013992072,0.00020185085,0.00026632615,0.00016455365,0.0002309239,0.3142132,0.15649742,0.096752524,0.24852476,0.28149712,0.6434648,0.122965835,0.22112404,0.30748743,0.0448751,0.56950754,0.054884017,0.12783507,0.6151263,0.30530557,0.6090775,0.4866894,0.14185458,0.5567531,0.44062725,0.10340772,0.06585886,0.0529094,0.41728976,0.13319467,0.16403113,0.4776352,0.23909129,0.13840702,0.06365453,0.810366,0.9705895,0.9674296,0.21784346,0.24219036,0.029667104,0.30826297,0.47958803,0.3391825,0.8398174,0.1126878,0.527246,0.1585201,0.5906079,0.19373472,0.18219823,0.09632709,0.7194958,0.55215555,0.6373919,0.66936636,0.6803543,0.620498,0.3319351,0.26895297,0.23487891,0.2058116,0.27232975,0.11028212,0.8043113,0.08114287,0.18115129,0.41936836,0.06817585,0.61256593,0.7708689,0.3092113,0.19328,0.04133532,0.073172234,0.21834539,0.3819948,0.16681169,0.00031320556,0.75193655,0.042666085,0.11447311,0.37763605,0.27054435,0.0005765217,0.2623614,0.19726545,0.1953969,0.28711915,0.07973618,0.22806513,0.21084408,0.18005133,0.052230492,0.4324546,0.17139818,0.68814915,0.32099855,0.7011063,0.09229767,0.28462777,0.5400179,0.9460866,0.6054216,0.017400697,0.33242658,0.42912385,0.37092155,0.7115936,0.18423073,0.5397673,0.41962194,0.39219707,0.6996835,0.050161216,0.38433105,0.3215217,0.2535124,0.121031106,0.033668622,0.32925937,0.32612255,0.5447981,0.2230702,0.6198521,0.14213231,0.7040494,0.5784189,0.40837336,0.2043407,0.61714274,0.3560154,0.11752879,0.56764096,0.14455462,0.00016455365,0.6037334,0.42200306,0.81253666,0.000814906,0.86820716,0.06259897,0.35699067,0.32375395,0.6769116,0.18111606,0.50267905,0.9625683,0.8593358,0.27336127,0.34218502,0.3776974,0.12401891,0.165074,0.52083445,0.08677449,0.08899623,0.07429826,0.8585297,0.3332625,0.2716081,0.024629029,0.6510399,0.050036367,0.12831667,0.2653763,0.958795
BC2026_Train_0002_S08_20250607_030007_35,0.00031661906,0.00012135764,0.00032782924,1.2718808e-05,0.00023099707,0.00016012599,0.00024846834,0.0004852492,0.00024846834,0.00027876158,0.00063617097,0.00030477918,0.00024846834,0.00012135764,0.00023099707,0.00043964418,0.00021127643,0.00012135764,0.0005610148,0.00039395542,0.00031661906,0.00016012599,0.0009699741,1.2718808e-05,0.00044659266,0.00018831542,0.0004600228,0.00041003994,0.00034867198,0.00054609124,1.2718808e-05,1.2718808e-05,1.2718808e-05,1.2718808e-05,1.2718808e-05,1.2718808e-05,1.2718808e-05,1.2718808e-05,1.2718808e-05,1.2718808e-05,1.2718808e-05,1.2718808e-05,1.2718808e-05,1.2718808e-05,1.2718808e-05,1.2718808e-05,1.2718808e-05,1.2718808e-05,1.2718808e-05,1.2718808e-05,1.2718808e-05,1.2718808e-05,1.2718808e-05,1.2718808e-05,1.2718808e-05,0.00018831542,0.00012135764,1.2718808e-05,0.00018831542,0.00029220525,0.0003855302,0.00018831542,0.0005610148,0.000425229,0.00023099707,0.00034867198,0.00024846834,0.00016012599,0.00023099707,0.00030477918,0.00018831542,0.00026426683,0.17213733,0.11646446,0.0770684,0.2351165,0.27428356,0.5922307,0.14637741,0.20571567,0.27310398,0.06827663,0.53464645,0.04763841,0.12802936,0.5824753,0.30669492,0.6802135,0.40618786,0.13990201,0.6062441,0.33156592,0.1171773,0.060642336,0.054544013,0.39887446,0.14939232,0.1817975,0.45033363,0.21425512,0.10892843,0.07534127,0.693187,0.96776414,0.9795247,0.18686558,0.21966809,0.035274863,0.30553058,0.3910293,0.2770453,0.8510791,0.06787948,0.47498617,0.12497533,0.56589305,0.22658111,0.21304047,0.07220192,0.67073596,0.45117682,0.50950515,0.71266174,0.65479577,0.6344385,0.2812003,0.295245,0.18427867,0.13062279,0.27368417,0.11297328,0.8212086,0.09528397,0.2287782,0.31260452,0.062130366,0.4764165,0.7442496,0.27032644,0.12794922,0.030499242,0.046384897,0.22100067,0.2957587,0.09803751,0.00035842476,0.6178335,0.038776513,0.1187401,0.34851643,0.30972606,0.00065973063,0.26617348,0.18868944,0.1669187,0.2541806,0.09053049,0.14826123,0.23628114,0.17636834,0.04923323,0.4753928,0.16612503,0.63505787,0.4160998,0.67457056,0.07909224,0.17264415,0.3632209,0.9263807,0.5066606,0.01832123,0.3015523,0.435525,0.3393417,0.67903316,0.18811734,0.38901243,0.46535996,0.45620435,0.49210998,0.04051221,0.37397245,0.57562214,0.15824452,0.104472555,0.04166251,0.3557325,0.26848197,0.526295,0.17797509,0.48683664,0.117082134,0.55818105,0.47333553,0.5583078,0.2171353,0.57159936,0.3482259,0.12621817,0.45237434,0.14282188,0.00018831542,0.5317876,0.36057827,0.7802403,0.0009324872,0.8861196,0.045126766,0.36779448,0.28937072,0.50293523,0.31449553,0.4382727,0.95644546,0.8334212,0.28829014,0.36954376,0.34769708,0.11997346,0.1070272,0.48299646,0.1359519,0.07146577,0.08275036,0.81747675,0.18475857,0.298373,0.026155738,0.58776325,0.051520053,0.10399676,0.22371165,0.92248666
BC2026_Train_0002_S08_20250607_030007_40,0.00026937746,0.00010324727,0.00027891537,1.0820585e-05,0.0001965282,0.00013623096,0.00021139302,0.00041285742,0.00021139302,0.00023716722,0.0005412762,0.00025930372,0.00021139302,0.00010324727,0.0001965282,0.00037405323,0.00017974978,0.00010324727,0.0004773253,0.0003351786,0.00026937746,0.00013623096,0.0008253288,1.0820585e-05,0.0003799656,0.00016021439,0.00039139297,0.00034886418,0.00029664932,0.0004646269,1.0820585e-05,1.0820585e-05,1.0820585e-05,1.0820585e-05,1.0820585e-05,1.0820585e-05,1.0820585e-05,1.0820585e-05,1.0820585e-05,1.0820585e-05,1.0820585e-05,1.0820585e-05,1.0820585e-05,1.0820585e-05,1.0820585e-05,1.0820585e-05,1.0820585e-05,1.0820585e-05,1.0820585e-05,1.0820585e-05,1.0820585e-05,1.0820585e-05,1.0820585e-05,1.0820585e-05,1.0820585e-05,0.00016021439,0.00010324727,1.0820585e-05,0.00016021439,0.00024860547,0.00032801004,0.00016021439,0.0004773253,0.00036178806,0.0001965282,0.00029664932,0.00021139302,0.00013623096,0.0001965282,0.00025930372,0.00016021439,0.00022483477,0.115967736,0.1236706,0.13296497,0.22122964,0.25535136,0.60865223,0.20438808,0.18021913,0.3148398,0.11634171,0.61769336,0.03419332,0.18170506,0.59142655,0.5542179,0.6473387,0.37408695,0.16734187,0.58144116,0.40381727,0.11495055,0.051043786,0.06021479,0.37303615,0.14300361,0.23985532,0.3650941,0.20404863,0.11017849,0.10017312,0.66866094,0.9630999,0.9698171,0.18939516,0.18972157,0.02893205,0.2587476,0.34023342,0.28289235,0.8299469,0.07692053,0.44514585,0.12423256,0.46292186,0.23753384,0.18970755,0.082936645,0.61612636,0.40620098,0.5215936,0.61441565,0.56823593,0.6424996,0.20158991,0.29521632,0.18125679,0.12792207,0.23552038,0.15797265,0.8074849,0.11269603,0.3300994,0.26961556,0.05779687,0.43869662,0.6843543,0.28755468,0.11817815,0.034866985,0.03718083,0.22071555,0.29522765,0.107029684,0.00030494726,0.62277967,0.035185587,0.12268304,0.3131352,0.33120736,0.00056132366,0.32989293,0.20176342,0.19350374,0.2633469,0.09697771,0.12623847,0.20020531,0.22604084,0.057465974,0.46814242,0.13029021,0.67381895,0.4307271,0.7969973,0.08747806,0.16408266,0.30761626,0.9264894,0.4212985,0.017872134,0.2804688,0.42043245,0.2934818,0.5469909,0.16424637,0.40985563,0.420475,0.49692196,0.49329987,0.040806804,0.39684606,0.4617671,0.10447471,0.09140218,0.051412363,0.48326164,0.28559557,0.58701885,0.19521205,0.5413761,0.14279614,0.476997,0.47555855,0.5259649,0.34463567,0.5192815,0.3188201,0.11375109,0.47232622,0.1602397,0.00016021439,0.5683853,0.39536616,0.72751635,0.00079342775,0.9077768,0.04311303,0.32936576,0.32856032,0.49167717,0.20847754,0.4374936,0.9435355,0.83319527,0.2577914,0.39077207,0.3467512,0.12050722,0.09356028,0.5730917,0.09537304,0.050344616,0.083298944,0.8200275,0.12521262,0.3587735,0.028849341,0.52928287,0.04065656,0.10113417,0.23975411,0.8915733
BC2026_Train_0002_S08_20250607_030007_45,0.0002736686,0.00010489186,0.00028335841,1.0992934e-05,0.0001996587,0.00013840095,0.00021476037,0.0004194346,0.00021476037,0.00024094518,0.00054989965,0.00026343434,0.00021476037,0.00010489186,0.0001996587,0.0003800121,0.00018261303,0.00010489186,0.00048492968,0.00034051805,0.0002736686,0.00013840095,0.00083847955,1.0992934e-05,0.00038601868,0.0001627664,0.00039762812,0.0003544217,0.00030137494,0.00047202894,1.0992934e-05,1.0992934e-05,1.0992934e-05,1.0992934e-05,1.0992934e-05,1.0992934e-05,1.0992934e-05,1.0992934e-05,1.0992934e-05,1.0992934e-05,1.0992934e-05,1.0992934e-05,1.0992934e-05,1.0992934e-05,1.0992934e-05,1.0992934e-05,1.0992934e-05,1.0992934e-05,1.0992934e-05,1.0992934e-05,1.0992934e-05,1.0992934e-05,1.0992934e-05,1.0992934e-05,1.0992934e-05,0.0001627664,0.00010489186,1.0992934e-05,0.0001627664,0.00025256566,0.0003332353,0.0001627664,0.00048492968,0.00036755143,0.0001996587,0.00030137494,0.00021476037,0.00013840095,0.0001996587,0.00026343434,0.0001627664,0.00022841628,0.12337898,0.12153141,0.2925942,0.27346107,0.24628337,0.6096223,0.17443845,0.1756941,0.21977945,0.07340725,0.6286924,0.04597992,0.132115,0.5662213,0.5199299,0.6395636,0.4027432,0.12542494,0.5368292,0.6720431,0.079047434,0.053487733,0.084250614,0.32386345,0.16379796,0.19933651,0.42203116,0.23087183,0.173835,0.10645023,0.73871267,0.9622991,0.96093005,0.2585162,0.2442484,0.022568904,0.22420089,0.38953534,0.23994094,0.8313262,0.09520379,0.48241937,0.12913007,0.5026378,0.22917442,0.17811194,0.10628266,0.636382,0.6489658,0.58001703,0.7410202,0.52305025,0.64686805,0.17521524,0.34895608,0.19681185,0.17301588,0.3162288,0.31184414,0.753739,0.07416136,0.22237736,0.2235035,0.07255796,0.57163936,0.7012146,0.24941312,0.14284162,0.046366826,0.05305901,0.23613606,0.32605585,0.20156662,0.0003098051,0.59634215,0.03707578,0.09977803,0.30041867,0.30237955,0.0005702667,0.29363537,0.2295926,0.27605173,0.29726422,0.12525716,0.15745914,0.22024712,0.17612511,0.052419905,0.4324535,0.10830346,0.6467719,0.34517208,0.7134132,0.074126646,0.12865657,0.22650123,0.9250509,0.50159836,0.0180043,0.2721519,0.4068617,0.2117877,0.57499665,0.16830845,0.41569164,0.33168203,0.659083,0.5093682,0.037657008,0.3490373,0.6083576,0.0885304,0.08387523,0.056585938,0.38195935,0.2733881,0.7038692,0.21508314,0.5485355,0.21170779,0.5332908,0.4674537,0.5322919,0.2858753,0.5314327,0.3517661,0.103748605,0.5095257,0.19593899,0.0001627664,0.4897996,0.412393,0.6455873,0.00080607005,0.9006282,0.050654046,0.31453288,0.35927933,0.4063782,0.22063087,0.50459695,0.94624436,0.83419764,0.27270636,0.35867408,0.27409145,0.095008135,0.10707633,0.49152094,0.107535526,0.044578955,0.08915431,0.77287704,0.11557557,0.2624622,0.027700193,0.42001083,0.038606066,0.0759982,0.19940439,0.88806134
BC2026_Train_0002_S08_20250607_030007_50,0.00026307936,0.00010083255,0.0002723945,1.0567468e-05,0.00019193257,0.00013304496,0.0002064501,0.00040320758,0.0002064501,0.00023162182,0.00052862824,0.00025324099,0.0002064501,0.00010083255,0.00019193257,0.00036530982,0.00017554637,0.00010083255,0.0004661702,0.00032734306,0.00026307936,0.00013304496,0.0008060549,1.0567468e-05,0.0003710839,0.00015646765,0.00038224438,0.00034070906,0.000289714,0.0004537683,1.0567468e-05,1.0567468e-05,1.0567468e-05,1.0567468e-05,1.0567468e-05,1.0567468e-05,1.0567468e-05,1.0567468e-05,1.0567468e-05,1.0567468e-05,1.0567468e-05,1.0567468e-05,1.0567468e-05,1.0567468e-05,1.0567468e-05,1.0567468e-05,1.0567468e-05,1.0567468e-05,1.0567468e-05,1.0567468e-05,1.0567468e-05,1.0567468e-05,1.0567468e-05,1.0567468e-05,1.0567468e-05,0.00015646765,0.00010083255,1.0567468e-05,0.00015646765,0.00024279275,0.00032034202,0.00015646765,0.0004661702,0.00035333098,0.00019193257,0.000289714,0.0002064501,0.00013304496,0.00019193257,0.00025324099,0.00015646765,0.00021957759,0.09682453,0.12365302,0.14723109,0.31277278,0.25788206,0.6257245,0.19513272,0.21682413,0.24046463,0.04983009,0.52468514,0.084061965,0.17292416,0.5906538,0.5620679,0.6629237,0.4183329,0.15028964,0.6050515,0.43058595,0.09201094,0.07861652,0.13364977,0.32674837,0.151636,0.1982134,0.3595053,0.31372133,0.17236282,0.095736265,0.80812687,0.94543177,0.9524941,0.24771479,0.34685433,0.028386004,0.22042404,0.49100173,0.2808575,0.84646386,0.13093172,0.49283838,0.14163591,0.5665949,0.19079608,0.2022112,0.091331325,0.59306544,0.78348565,0.5603684,0.7856559,0.47167757,0.49781215,0.22126192,0.3955704,0.1802554,0.12584616,0.33423772,0.16166012,0.7392041,0.06811461,0.1851916,0.3227074,0.06730507,0.6233966,0.7366851,0.24242187,0.13188757,0.0379463,0.11657585,0.23396955,0.27779824,0.14719635,0.0002978182,0.64749175,0.041828316,0.13749921,0.33896723,0.19690588,0.0005482077,0.33164686,0.21735704,0.2165405,0.28347605,0.110211894,0.19865884,0.3108725,0.17332007,0.060531076,0.45178038,0.12184972,0.6130726,0.3324711,0.7564415,0.08465185,0.12128323,0.2652099,0.9400015,0.5538483,0.0152717335,0.2551398,0.4446115,0.24408467,0.4717147,0.17450725,0.30524504,0.3238034,0.57896054,0.47823742,0.039829876,0.37822303,0.47554097,0.09932137,0.09119598,0.081192635,0.36527008,0.30041003,0.5899646,0.20350842,0.511289,0.17093821,0.54332703,0.5411695,0.5283854,0.2045046,0.5906652,0.32738772,0.1553168,0.5049752,0.17290905,0.00015646765,0.56866086,0.36101162,0.693611,0.00077489746,0.8620367,0.043603912,0.3456898,0.40960163,0.36302313,0.31209102,0.47834295,0.9498786,0.83428514,0.38074952,0.33344817,0.24186544,0.10068893,0.123787545,0.41923732,0.18536656,0.045147542,0.11360646,0.808407,0.13859269,0.24156304,0.026360989,0.4411051,0.045412183,0.09240112,0.22979684,0.92350215
BC2026_Train_0002_S08_20250607_030007_55,0.0002455568,9.4115494e-05,0.00025425167,9.863445e-06,0.0001791479,0.0001241823,0.00019269862,0.0003763553,0.00019269862,0.00021619402,0.0004934276,0.00023637354,0.00019269862,9.4115494e-05,0.0001791479,0.00034098056,0.00016385302,9.4115494e-05,0.0004351267,0.0003055415,0.0002455568,0.0001241823,0.0007523951,9.863445e-06,0.0003463702,0.00014604494,0.0003567876,0.00031801753,0.00027041786,0.0004235503,9.863445e-06,9.863445e-06,9.863445e-06,9.863445e-06,9.863445e-06,9.863445e-06,9.863445e-06,9.863445e-06,9.863445e-06,9.863445e-06,9.863445e-06,9.863445e-06,9.863445e-06,9.863445e-06,9.863445e-06,9.863445e-06,9.863445e-06,9.863445e-06,9.863445e-06,9.863445e-06,9.863445e-06,9.863445e-06,9.863445e-06,9.863445e-06,9.863445e-06,0.00014604494,9.4115494e-05,9.863445e-06,0.00014604494,0.00022662106,0.0002990066,0.00014604494,0.0004351267,0.00032979914,0.0001791479,0.00027041786,0.00019269862,0.0001241823,0.0001791479,0.00023637354,0.00014604494,0.00020495187,0.119761385,0.12752266,0.18907563,0.27346113,0.33750564,0.6461766,0.26501083,0.15875714,0.22385465,0.07070006,0.48343134,0.075773895,0.15677272,0.5838586,0.44505918,0.7173561,0.46059027,0.1335575,0.563143,0.35565525,0.10186769,0.06507929,0.082226686,0.29745415,0.13343313,0.15560669,0.34549406,0.3201141,0.16010626,0.055902913,0.7574759,0.95492667,0.9328148,0.30750763,0.38459167,0.03465616,0.319326,0.5673681,0.3322883,0.89124876,0.16797568,0.6153502,0.14736369,0.6309368,0.22817837,0.16445416,0.09562612,0.5860321,0.5864194,0.64911824,0.8796681,0.49278903,0.38823873,0.22940059,0.36589053,0.18365604,0.17562637,0.25982508,0.11514297,0.78669125,0.06619526,0.2028742,0.28087863,0.06754716,0.41668385,0.75216687,0.2756216,0.100796126,0.038569983,0.07819089,0.30030197,0.22800301,0.13887694,0.00027798253,0.6726996,0.03796442,0.1377601,0.32131103,0.16979913,0.000511704,0.39156428,0.19365135,0.195125,0.27737245,0.07570784,0.18704253,0.24804114,0.15523039,0.051327247,0.46254897,0.10962492,0.63200706,0.38915074,0.7234552,0.08626686,0.15629467,0.3492257,0.9360846,0.55942655,0.017242288,0.2846047,0.4914864,0.25678524,0.4549451,0.24727434,0.35441634,0.3289634,0.47654688,0.5177771,0.1665642,0.41139567,0.48899686,0.1088102,0.13056877,0.08821292,0.4530404,0.32643384,0.4948302,0.3167165,0.48658904,0.12916496,0.58910733,0.51618654,0.5644672,0.1673235,0.63882244,0.31900707,0.1588532,0.5719725,0.1623072,0.00014604494,0.6481338,0.35373297,0.838465,0.0007233102,0.8790508,0.046069153,0.3586375,0.43856567,0.45748886,0.18025653,0.5105368,0.9104415,0.82086384,0.45066574,0.30264738,0.2872525,0.093794025,0.11963574,0.5178664,0.13686603,0.043089993,0.1114353,0.84303695,0.16529414,0.32055414,0.029944144,0.5899516,0.04299656,0.107860886,0.35039413,0.9735677
BC2026_Train_0002_S08_20250607_030007_60,0.00024013617,9.203754e-05,0.00024863903,9.645652e-06,0.00017519298,0.000121440666,0.0001884445,0.00036804847,0.0001884445,0.00021142146,0.00048253796,0.0002311556,0.0001884445,9.203754e-05,0.00017519298,0.00033345408,0.00016023572,9.203754e-05,0.00042552312,0.00029879712,0.00024013617,0.000121440666,0.0007357946,9.645652e-06,0.00033872496,0.00014282072,0.00034891255,0.00031099786,0.0002644486,0.00041420214,9.645652e-06,9.645652e-06,9.645652e-06,9.645652e-06,9.645652e-06,9.645652e-06,9.645652e-06,9.645652e-06,9.645652e-06,9.645652e-06,9.645652e-06,9.645652e-06,9.645652e-06,9.645652e-06,9.645652e-06,9.645652e-06,9.645652e-06,9.645652e-06,9.645652e-06,9.645652e-06,9.645652e-06,9.645652e-06,9.645652e-06,9.645652e-06,9.645652e-06,0.00014282072,9.203754e-05,9.645652e-06,0.00014282072,0.00022161836,0.00029240648,0.00014282072,0.00042552312,0.00032251936,0.00017519298,0.0002644486,0.0001884445,0.000121440666,0.00017519298,0.0002311556,0.00014282072,0.0002004274,0.13399073,0.083230875,0.5285819,0.27783924,0.57612395,0.5612889,0.19229451,0.14234269,0.22618975,0.0606584,0.4160429,0.046247967,0.07798602,0.45695555,0.6218997,0.7784072,0.3467966,0.09138352,0.43854174,0.34681565,0.07301958,0.061029218,0.09372709,0.28976852,0.15607804,0.13897486,0.33099213,0.22197568,0.16062015,0.031243725,0.6104789,0.96898997,0.8833549,0.40004987,0.39814973,0.043215115,0.2675923,0.48418653,0.271279,0.89378875,0.10499676,0.63615113,0.12417745,0.7838466,0.36781782,0.14211598,0.14376612,0.5633063,0.5473735,0.5882155,0.9111256,0.48255026,0.29878604,0.15164515,0.37349343,0.17011847,0.2129325,0.23597436,0.11508423,0.8329216,0.055108514,0.1963568,0.3441686,0.09191749,0.306248,0.7631234,0.28037915,0.1039956,0.044103626,0.04597695,0.33564728,0.24830794,0.088854626,0.00027184634,0.49792892,0.037946947,0.105998345,0.27796617,0.17125258,0.0005004114,0.32499596,0.2872385,0.23177807,0.22074601,0.07195585,0.22887757,0.15762167,0.10032272,0.043305073,0.4252771,0.122743316,0.5029197,0.6306482,0.5632139,0.090058684,0.19375114,0.3002492,0.9007469,0.550231,0.019295104,0.1954415,0.43889463,0.19464296,0.5824839,0.24604644,0.34397012,0.3316597,0.37318248,0.38619658,0.56273836,0.41987234,0.28709933,0.06767903,0.11676223,0.09257182,0.35401252,0.26025712,0.5429231,0.39863428,0.3833432,0.112184875,0.47438896,0.45441154,0.49699125,0.14868788,0.5497833,0.35303384,0.1294307,0.42787474,0.17464675,0.00014282072,0.5681488,0.37184098,0.9523413,0.0007073512,0.7941677,0.055698078,0.32331797,0.4370177,0.3899205,0.1256807,0.56752145,0.8176653,0.63428587,0.3665627,0.2777048,0.29896662,0.08517198,0.10404255,0.54109126,0.06704434,0.032978695,0.07075713,0.75596046,0.15310109,0.4658768,0.027356923,0.63139296,0.040096752,0.07913436,0.26898053,0.9752521
BC2026_Train_0003_S08_20250607_070007_5,0.00039132367,0.0001499983,0.00040517785,1.5720872e-05,0.0002855051,0.00019791412,0.00030709812,0.0005997176,0.00030709812,0.000344537,0.00078621344,0.00037669123,0.00030709812,0.0001499983,0.0002855051,0.0005433603,0.0002611324,0.0001499983,0.0006933437,0.00048689832,0.00039132367,0.00019791412,0.0011986513,1.5720872e-05,0.00055194704,0.00023275432,0.00056854374,0.0005067757,0.00043093608,0.0006749024,1.5720872e-05,1.5720872e-05,1.5720872e-05,1.5720872e-05,1.5720872e-05,1.5720872e-05,1.5720872e-05,1.5720872e-05,1.5720872e-05,1.5720872e-05,1.5720872e-05,1.5720872e-05,1.5720872e-05,1.5720872e-05,1.5720872e-05,1.5720872e-05,1.5720872e-05,1.5720872e-05,1.5720872e-05,1.5720872e-05,1.5720872e-05,1.5720872e-05,1.5720872e-05,1.5720872e-05,1.5720872e-05,0.00023275432,0.0001499983,1.5720872e-05,0.00023275432,0.00036115161,0.00047648637,0.00023275432,0.0006933437,0.00052554626,0.0002855051,0.00043093608,0.00030709812,0.00019791412,0.0002855051,0.00037669123,0.00023275432,0.0003266232,0.10417416,0.16749406,0.28000903,0.2105554,0.6204075,0.8140074,0.23926447,0.45075154,0.55443525,0.08469572,0.64696085,0.047794934,0.28744692,0.38496798,0.12822735,0.53979826,0.29344317,0.11606375,0.5520001,0.4589783,0.15868023,0.40316728,0.24163361,0.7882864,0.24931793,0.8636167,0.253024,0.18854813,0.082908995,0.076696694,0.8487423,0.9420331,0.91774184,0.43291593,0.11224443,0.043793157,0.5134672,0.47360384,0.1315415,0.67602885,0.057491813,0.6578803,0.21210821,0.761102,0.22928488,0.20584549,0.18162264,0.60080737,0.9811278,0.90013707,0.5209904,0.8580109,0.7887353,0.18589784,0.43979928,0.6302537,0.2302134,0.4392576,0.24494922,0.7604476,0.13963993,0.31972656,0.38381276,0.076296814,0.5710481,0.74137676,0.3102243,0.1219872,0.0394549,0.07601652,0.42946765,0.34823364,0.1059716,0.00044298894,0.56978863,0.03881369,0.27063817,0.318853,0.23907398,0.00081532524,0.34497863,0.1329858,0.8210637,0.192187,0.3255845,0.09765496,0.18582648,0.09648752,0.22126678,0.26130328,0.25414336,0.26268005,0.42472422,0.6937248,0.29523373,0.47549987,0.21673588,0.89043576,0.61377484,0.017135074,0.25078806,0.50215745,0.55085784,0.92478186,0.15902011,0.51383144,0.4116468,0.9627991,0.41201368,0.056841727,0.18237516,0.35902324,0.25082907,0.14705308,0.032063548,0.36949748,0.15674396,0.42674035,0.18473531,0.54136395,0.0814192,0.64706033,0.52088135,0.5829868,0.3405428,0.49338606,0.4986256,0.14918391,0.32815483,0.107336156,0.00023275432,0.53462124,0.5483686,0.7111754,0.0011523366,0.9385318,0.12165883,0.5284795,0.543556,0.46407184,0.18162198,0.4934753,0.95326144,0.8161456,0.41143668,0.53723633,0.22587569,0.18993478,0.063105725,0.19212134,0.1623402,0.066726364,0.14069515,0.959716,0.10304081,0.4892276,0.036823075,0.66817886,0.040165786,0.23838142,0.281105,0.45636877
BC2026_Train_0003_S08_20250607_070007_10,0.00036574318,0.00014019354,0.00037869153,1.4693299e-05,0.00026684246,0.00018497725,0.0002870237,0.0005605126,0.0002870237,0.00032201517,0.0007348143,0.00035206735,0.0002870237,0.00014019354,0.00026684246,0.0005078399,0.00024406296,0.00014019354,0.000648017,0.0004550694,0.00036574318,0.00018497725,0.0011202808,1.4693299e-05,0.00051586534,0.00021753999,0.0005313769,0.0004736472,0.00040276587,0.00063078146,1.4693299e-05,1.4693299e-05,1.4693299e-05,1.4693299e-05,1.4693299e-05,1.4693299e-05,1.4693299e-05,1.4693299e-05,1.4693299e-05,1.4693299e-05,1.4693299e-05,1.4693299e-05,1.4693299e-05,1.4693299e-05,1.4693299e-05,1.4693299e-05,1.4693299e-05,1.4693299e-05,1.4693299e-05,1.4693299e-05,1.4693299e-05,1.4693299e-05,1.4693299e-05,1.4693299e-05,1.4693299e-05,0.00021753999,0.00014019354,1.4693299e-05,0.00021753999,0.00033754364,0.00044533823,0.00021753999,0.000648017,0.0004911905,0.00026684246,0.00040276587,0.0002870237,0.00018497725,0.00026684246,0.00035206735,0.00021753999,0.0003052725,0.15623336,0.19728974,0.5574396,0.24244674,0.50021535,0.79350215,0.40116134,0.7691793,0.5279708,0.08440912,0.82265896,0.058806386,0.2944834,0.6551973,0.13822827,0.7027666,0.3295488,0.24218158,0.61611664,0.41673854,0.22483584,0.573859,0.25698596,0.52190983,0.38857493,0.9400841,0.32993576,0.3036589,0.08713085,0.08947576,0.7817928,0.924401,0.91508824,0.673739,0.11722142,0.049745396,0.7011223,0.44384938,0.14550188,0.8375934,0.058774386,0.6985334,0.23165148,0.66604984,0.3185192,0.3178744,0.22191174,0.6210092,0.94459337,0.7943654,0.45113575,0.8683369,0.6279134,0.19505441,0.5860794,0.31487858,0.21604928,0.514241,0.21138383,0.80248934,0.3528736,0.6080716,0.45793393,0.062864766,0.7195442,0.7598887,0.4525531,0.1916578,0.075075276,0.07980283,0.28460488,0.33230987,0.08654969,0.0004140308,0.6201251,0.13823624,0.538571,0.42824546,0.44539765,0.0007620226,0.35036695,0.15414794,0.5175094,0.19489759,0.40455806,0.13948904,0.23069997,0.27352756,0.10995537,0.38172543,0.62598246,0.3308874,0.50859225,0.68937904,0.33899087,0.3591009,0.1618636,0.94500685,0.83407974,0.02128677,0.387141,0.64672077,0.31608686,0.8383917,0.14494206,0.2903743,0.25407854,0.9484336,0.599357,0.05849372,0.22530186,0.2772289,0.21626012,0.13672994,0.055987433,0.39766622,0.14819077,0.47549614,0.23285596,0.8797511,0.09928162,0.78846544,0.41215482,0.5164972,0.6342023,0.55607885,0.43763444,0.44717735,0.35992977,0.20031552,0.00021753999,0.7357936,0.37454417,0.74234563,0.0010769955,0.83228123,0.14649135,0.5458814,0.39691728,0.41585144,0.19096513,0.4442536,0.9339344,0.78899485,0.41668564,0.47237775,0.16610141,0.29020584,0.052347597,0.17301583,0.23601252,0.077327095,0.13149107,0.92222303,0.13783555,0.49521655,0.050429277,0.7125266,0.062260102,0.39714447,0.37670124,0.5788433
BC2026_Train_0003_S08_20250607_070007_15,0.0005531866,0.00021206685,0.00057276734,2.2227552e-05,0.0004036195,0.00027980364,0.00043414073,0.00084769184,0.00043414073,0.0004870587,0.0011111996,0.00053250557,0.00043414073,0.00021206685,0.0004036195,0.000768053,0.00036916792,0.00021206685,0.0009799862,0.0006882615,0.0005531866,0.00027980364,0.0016937794,2.2227552e-05,0.00078018714,0.00032905393,0.00080364035,0.0007163524,0.0006091719,0.0009539294,2.2227552e-05,2.2227552e-05,2.2227552e-05,2.2227552e-05,2.2227552e-05,2.2227552e-05,2.2227552e-05,2.2227552e-05,2.2227552e-05,2.2227552e-05,2.2227552e-05,2.2227552e-05,2.2227552e-05,2.2227552e-05,2.2227552e-05,2.2227552e-05,2.2227552e-05,2.2227552e-05,2.2227552e-05,2.2227552e-05,2.2227552e-05,2.2227552e-05,2.2227552e-05,2.2227552e-05,2.2227552e-05,0.00032905393,0.00021206685,2.2227552e-05,0.00032905393,0.000510542,0.0006735469,0.00032905393,0.0009799862,0.00074287876,0.0004036195,0.0006091719,0.00043414073,0.00027980364,0.0004036195,0.00053250557,0.00032905393,0.00046173876,0.114869766,0.19774814,0.5006226,0.1957115,0.41994792,0.77478015,0.27772158,0.70057935,0.47719005,0.08044664,0.85487777,0.05058542,0.2609366,0.60459656,0.117204316,0.8455595,0.32174352,0.39897087,0.7254072,0.34267017,0.1982763,0.60428137,0.4333535,0.4563783,0.48475412,0.9247884,0.58544344,0.331951,0.06146424,0.09304648,0.7489043,0.9413532,0.89926714,0.59151554,0.09296747,0.054441698,0.7773282,0.29278722,0.110748455,0.81020725,0.081049435,0.6257989,0.26827058,0.5993265,0.39937088,0.43334356,0.27337104,0.7446641,0.9204071,0.6719542,0.4041632,0.8572687,0.53098106,0.20225842,0.49642408,0.207228,0.15254821,0.48922688,0.23878697,0.8313274,0.17492959,0.73441935,0.40993384,0.057614442,0.87836653,0.70197403,0.44069812,0.35770032,0.095107734,0.16719744,0.25290176,0.31839424,0.09353276,0.00062620634,0.45122588,0.29440936,0.62075937,0.5975599,0.4369406,0.0011523284,0.40149084,0.15859881,0.41907725,0.17995596,0.20358662,0.10140508,0.26726195,0.43480653,0.0767004,0.33267444,0.6552196,0.39203718,0.39816436,0.81367695,0.37285367,0.3748506,0.11871656,0.9557765,0.8849884,0.03293664,0.214535,0.47561988,0.2509429,0.573,0.1083405,0.30694398,0.1785266,0.91548085,0.66777503,0.05092418,0.2636842,0.2933848,0.26033673,0.17793609,0.05387542,0.31761575,0.13603643,0.38162902,0.250237,0.92308384,0.13919087,0.7344875,0.34228376,0.5455281,0.6153854,0.39478755,0.285172,0.56089324,0.25211993,0.16208623,0.00032905393,0.7054261,0.28599867,0.68539214,0.0016283705,0.7575532,0.20419277,0.57556856,0.24534301,0.40388912,0.222151,0.44707686,0.8737065,0.758331,0.34475434,0.4677181,0.16690393,0.25164834,0.042715695,0.1397979,0.21552539,0.12641947,0.1271372,0.88493836,0.1975486,0.54501116,0.05803187,0.7327015,0.08640002,0.25591263,0.33208936,0.53127825
BC2026_Train_0003_S08_20250607_070007_20,0.0007242455,0.00027766873,0.0007498773,2.910503e-05,0.00052844995,0.00036635282,0.0005684061,0.0011097312,0.0005684061,0.00063768064,0.0014545916,0.0006971733,0.0005684061,0.00027766873,0.00052844995,0.0010054959,0.0004833477,0.00027766873,0.0012828747,0.0009010564,0.0007242455,0.00036635282,0.0022168574,2.910503e-05,0.0010213779,0.00043083157,0.0010520748,0.0009378252,0.000797531,0.0012487733,2.910503e-05,2.910503e-05,2.910503e-05,2.910503e-05,2.910503e-05,2.910503e-05,2.910503e-05,2.910503e-05,2.910503e-05,2.910503e-05,2.910503e-05,2.910503e-05,2.910503e-05,2.910503e-05,2.910503e-05,2.910503e-05,2.910503e-05,2.910503e-05,2.910503e-05,2.910503e-05,2.910503e-05,2.910503e-05,2.910503e-05,2.910503e-05,2.910503e-05,0.00043083157,0.00027766873,2.910503e-05,0.00043083157,0.00066842197,0.0008817957,0.00043083157,0.0012828747,0.00097254565,0.00052844995,0.000797531,0.0005684061,0.00036635282,0.00052844995,0.0006971733,0.00043083157,0.0006045347,0.10926674,0.18401083,0.40708065,0.20122589,0.4143222,0.81484085,0.2660925,0.7172419,0.36053348,0.071463995,0.6421802,0.051456373,0.20708372,0.3428062,0.12373636,0.8801102,0.39157245,0.2525688,0.67293364,0.5095263,0.15136057,0.62724185,0.196622,0.3268203,0.24175556,0.8321819,0.6881215,0.43310198,0.05363989,0.074331835,0.8211251,0.9463851,0.9430423,0.33978197,0.0861804,0.046825998,0.6212149,0.29122952,0.16369715,0.7537367,0.159469,0.63035566,0.20405784,0.76811963,0.2331612,0.2739144,0.20551127,0.728798,0.92768943,0.65913266,0.5720054,0.8279262,0.4463484,0.26886672,0.38498434,0.2306154,0.13568814,0.58658516,0.38470647,0.82413316,0.072166875,0.6195656,0.31082574,0.05452192,0.8823548,0.66960007,0.39900386,0.17688549,0.094200484,0.41462633,0.338269,0.35001445,0.11725133,0.0008198287,0.38206527,0.1239019,0.53768307,0.5051613,0.32474443,0.0015084137,0.46442974,0.16921608,0.7692848,0.23056252,0.17371437,0.10289559,0.19580916,0.26168257,0.07485827,0.26561415,0.5828548,0.36197817,0.3486127,0.8525234,0.346102,0.34522948,0.13520427,0.9333732,0.65145403,0.028825788,0.20520113,0.4793683,0.23357818,0.5781602,0.11101704,0.3432129,0.23096171,0.89935243,0.5157733,0.040174894,0.19925117,0.5108227,0.2583349,0.16488624,0.040945202,0.46333563,0.19009346,0.40435487,0.29293117,0.67745906,0.12521763,0.6203393,0.48829973,0.6515839,0.6156403,0.32664165,0.25724968,0.376626,0.2541934,0.11171826,0.00043083157,0.5496337,0.27498665,0.70897865,0.002131286,0.87717915,0.18034306,0.6722414,0.3437451,0.45879233,0.35250863,0.5166929,0.7858232,0.7365378,0.30445,0.45924005,0.15152663,0.26458704,0.054010257,0.12031674,0.18340786,0.07864956,0.18413529,0.84001917,0.15135214,0.407088,0.06257595,0.73830783,0.04692024,0.21334882,0.2595866,0.5180854
BC2026_Train_0003_S08_20250607_070007_25,0.000777251,0.00029800477,0.00080475665,3.1237465e-05,0.0005671375,0.00039318015,0.0006100162,0.0011909007,0.0006100162,0.000684357,0.0015609282,0.0007481997,0.0006100162,0.00029800477,0.0005671375,0.0010790532,0.00051873585,0.00029800477,0.0013766831,0.000966984,0.000777251,0.00039318015,0.0023787264,3.1237465e-05,0.0010960952,0.0004623773,0.0011290341,0.0010064392,0.0008558934,0.001340093,3.1237465e-05,3.1237465e-05,3.1237465e-05,3.1237465e-05,3.1237465e-05,3.1237465e-05,3.1237465e-05,3.1237465e-05,3.1237465e-05,3.1237465e-05,3.1237465e-05,3.1237465e-05,3.1237465e-05,3.1237465e-05,3.1237465e-05,3.1237465e-05,3.1237465e-05,3.1237465e-05,3.1237465e-05,3.1237465e-05,3.1237465e-05,3.1237465e-05,3.1237465e-05,3.1237465e-05,3.1237465e-05,0.0004623773,0.00029800477,3.1237465e-05,0.0004623773,0.00071734615,0.0009463161,0.0004623773,0.0013766831,0.0010436961,0.0005671375,0.0008558934,0.0006100162,0.00039318015,0.0005671375,0.0007481997,0.0004623773,0.0006487871,0.11034963,0.27957505,0.6345358,0.26910004,0.44123605,0.88321763,0.25989947,0.4150287,0.40646017,0.07197879,0.6612341,0.038226463,0.26834324,0.3191791,0.16753928,0.71670914,0.4595362,0.16704929,0.5395746,0.61335605,0.08812701,0.5940424,0.13010816,0.33281308,0.2858512,0.5657959,0.50085443,0.58652323,0.06619919,0.05845962,0.8469098,0.9359058,0.9007942,0.339989,0.072447285,0.05498504,0.69068694,0.3599934,0.24329442,0.8128912,0.09253882,0.60744053,0.18462428,0.87491417,0.18172853,0.3251777,0.20489547,0.8917036,0.83224285,0.7031175,0.5612506,0.84588665,0.4616059,0.28993663,0.44297957,0.3789932,0.14402185,0.7139212,0.5947239,0.81907445,0.054253083,0.46934706,0.30676556,0.05998047,0.6804565,0.6720299,0.5065713,0.06994027,0.124626994,0.47462866,0.41788468,0.33174345,0.076530635,0.0008798208,0.40821263,0.19393982,0.3374484,0.7699593,0.19498499,0.0016186757,0.4775887,0.15066049,0.81630987,0.28178656,0.35451114,0.09397173,0.23874776,0.14748414,0.11345409,0.32165223,0.22595276,0.22502747,0.3733698,0.83906996,0.5247347,0.4072136,0.15754445,0.8974417,0.58869237,0.065822944,0.21332812,0.23544434,0.2253386,0.6907457,0.13383521,0.38611653,0.37727872,0.78191364,0.34482503,0.041884735,0.24873942,0.5303438,0.18819977,0.16880412,0.04864158,0.34820274,0.24455789,0.5427575,0.41407287,0.5698264,0.14155711,0.6699189,0.4698274,0.60894686,0.51284045,0.33709168,0.30997175,0.3285629,0.27953246,0.08671475,0.0004623773,0.5548324,0.38829,0.6587234,0.0022869278,0.9450522,0.18340065,0.6471651,0.3618606,0.63141876,0.24489625,0.5001006,0.7793396,0.84522736,0.4724893,0.5172768,0.14488526,0.13701797,0.16216806,0.104297936,0.21519765,0.052362274,0.18737757,0.8774986,0.12641402,0.38435417,0.116795145,0.64328635,0.026223507,0.19357842,0.36401862,0.5178972
BC2026_Train_0003_S08_20250607_070007_30,0.0005138885,0.00019700153,0.0005320784,2.064848e-05,0.00037494616,0.0002599262,0.0004032994,0.0007874735,0.0004032994,0.0004524581,0.0010322639,0.0004946766,0.0004032994,0.00019700153,0.00037494616,0.0007134918,0.0003429421,0.00019700153,0.00091037055,0.0006393683,0.0005138885,0.0002599262,0.0015734643,2.064848e-05,0.00072476396,0.00030567765,0.00074655114,0.00066546374,0.00056589686,0.0008861647,2.064848e-05,2.064848e-05,2.064848e-05,2.064848e-05,2.064848e-05,2.064848e-05,2.064848e-05,2.064848e-05,2.064848e-05,2.064848e-05,2.064848e-05,2.064848e-05,2.064848e-05,2.064848e-05,2.064848e-05,2.064848e-05,2.064848e-05,2.064848e-05,2.064848e-05,2.064848e-05,2.064848e-05,2.064848e-05,2.064848e-05,2.064848e-05,2.064848e-05,0.00030567765,0.00019700153,2.064848e-05,0.00030567765,0.0004742733,0.00062569894,0.00030567765,0.00091037055,0.0006901058,0.00037494616,0.00056589686,0.0004032994,0.0002599262,0.00037494616,0.0004946766,0.00030567765,0.00042893682,0.14700578,0.4353813,0.39396167,0.41565058,0.44481134,0.933751,0.30021146,0.35308725,0.49455154,0.07324484,0.8581716,0.030239377,0.21473691,0.30182156,0.27004555,0.61291486,0.41489148,0.28240216,0.53608745,0.3887161,0.08263262,0.70178276,0.12919347,0.47988996,0.45891646,0.5448306,0.72940075,0.5247684,0.07736256,0.06399912,0.8839562,0.90705705,0.8211711,0.40926716,0.07735139,0.066297814,0.6986571,0.45791003,0.22596869,0.9297555,0.06796665,0.57031846,0.30003497,0.84505814,0.23107584,0.4235174,0.30562314,0.9808335,0.85097164,0.90749604,0.57599026,0.80183154,0.3080535,0.27841106,0.69370764,0.67435837,0.15997122,0.86158913,0.5794211,0.84462136,0.07235523,0.5688882,0.28110957,0.10301138,0.5560046,0.6380651,0.6374257,0.18738505,0.101558745,0.5528104,0.5713663,0.42472598,0.047169276,0.0005817212,0.3158028,0.42715406,0.45501164,0.63205236,0.18034504,0.0010704711,0.37460902,0.16721782,0.72217184,0.28801075,0.5410234,0.084605224,0.3082627,0.12596981,0.2215228,0.432919,0.13741466,0.19621694,0.49306813,0.816392,0.6656097,0.5369246,0.18076995,0.83089846,0.7263391,0.14500912,0.19585234,0.20851031,0.292619,0.41217834,0.17445613,0.33129087,0.4213393,0.7450743,0.26086122,0.050721295,0.2576304,0.28050026,0.21586922,0.17498313,0.058311813,0.2626631,0.17536286,0.4614394,0.70220006,0.69117796,0.26584694,0.79949003,0.45634887,0.59699875,0.58424926,0.28028017,0.2589672,0.1893271,0.33591935,0.07631792,0.00030567765,0.5556165,0.62871575,0.65769356,0.0015127009,0.90143794,0.17656814,0.54462063,0.38470575,0.5910671,0.28751916,0.50648487,0.85731465,0.8922862,0.7029796,0.56071126,0.12662317,0.08544216,0.4207661,0.110173784,0.21869224,0.04519506,0.20449208,0.9228692,0.095613234,0.3912057,0.20398627,0.5817705,0.04170676,0.1587615,0.45252475,0.48918894
BC2026_Train_0003_S08_20250607_070007_35,0.0003511824,0.00013460891,0.0003636159,1.41077935e-05,0.00025621615,0.00017760944,0.00027559453,0.00053820945,0.00027559453,0.0003091937,0.0007055895,0.00033805048,0.00027559453,0.00013460891,0.00025621615,0.00048763,0.00023434326,0.00013460891,0.0006222382,0.00043695688,0.0003511824,0.00017760944,0.0010757718,1.41077935e-05,0.00049533625,0.00020887586,0.0005102314,0.00045479616,0.00038673275,0.00060568715,1.41077935e-05,1.41077935e-05,1.41077935e-05,1.41077935e-05,1.41077935e-05,1.41077935e-05,1.41077935e-05,1.41077935e-05,1.41077935e-05,1.41077935e-05,1.41077935e-05,1.41077935e-05,1.41077935e-05,1.41077935e-05,1.41077935e-05,1.41077935e-05,1.41077935e-05,1.41077935e-05,1.41077935e-05,1.41077935e-05,1.41077935e-05,1.41077935e-05,1.41077935e-05,1.41077935e-05,1.41077935e-05,0.00020887586,0.00013460891,1.41077935e-05,0.00020887586,0.0003241045,0.00042761242,0.00020887586,0.0006222382,0.0004716422,0.00025621615,0.00038673275,0.00027559453,0.00017760944,0.00025621615,0.00033805048,0.00020887586,0.00029311713,0.20934658,0.26979145,0.26648813,0.32989115,0.4304787,0.8697764,0.40776128,0.69560874,0.38749304,0.074189104,0.7832757,0.05656139,0.25158313,0.25136778,0.1925737,0.67335624,0.5844251,0.35488853,0.6343567,0.27544463,0.07365078,0.4120745,0.13118255,0.394048,0.39419508,0.83580387,0.81862146,0.40766442,0.079779975,0.058597203,0.8669126,0.93783313,0.9100883,0.4718223,0.10707701,0.04418966,0.6328788,0.48087025,0.21444127,0.9480089,0.064519875,0.6417844,0.2415933,0.7489612,0.2032558,0.37624627,0.24538626,0.98400205,0.87743664,0.8884451,0.679466,0.6305878,0.32310504,0.2916578,0.7326119,0.4487364,0.21487074,0.9508894,0.33410034,0.8187343,0.12516868,0.62467617,0.28510863,0.07708879,0.5737455,0.58943516,0.40766278,0.44934878,0.0724297,0.3177923,0.4508189,0.37056878,0.063176006,0.00039754974,0.4140113,0.20343229,0.24867083,0.4405584,0.26779127,0.00073171774,0.30715263,0.12973893,0.346884,0.24866751,0.34489188,0.08059546,0.27808657,0.089617,0.12970196,0.6024835,0.24640535,0.203808,0.47309288,0.78326595,0.69532907,0.3659359,0.20686543,0.8512314,0.6751352,0.09741387,0.29283965,0.38873354,0.34542137,0.45223412,0.11697923,0.36773542,0.30892223,0.7162872,0.31427234,0.044279426,0.2780756,0.1962649,0.18505043,0.11628874,0.06475757,0.33722037,0.19320916,0.57306665,0.717992,0.6078136,0.20421872,0.8745631,0.47126377,0.54014635,0.6344388,0.29825002,0.37402335,0.16675545,0.6190841,0.100832574,0.00020887586,0.6633694,0.42853284,0.5717959,0.0010342009,0.7636069,0.11976966,0.56818485,0.41489398,0.4442315,0.25527602,0.49406946,0.81009537,0.93606865,0.4127061,0.5064963,0.15842058,0.098007225,0.178483,0.112745225,0.32685086,0.04342665,0.14038256,0.8876801,0.11138329,0.3477668,0.119534,0.5382046,0.07864282,0.18032783,0.36916074,0.5262061
BC2026_Train_0003_S08_20250607_070007_40,0.00036122795,0.0001384595,0.0003740171,1.4511361e-05,0.00026354528,0.00018269006,0.00028347794,0.00055360456,0.00028347794,0.00031803825,0.0007257721,0.0003477204,0.00028347794,0.0001384595,0.00026354528,0.00050157844,0.00024104671,0.0001384595,0.0006400368,0.00044945587,0.00036122795,0.00018269006,0.0011065417,1.4511361e-05,0.0005095051,0.00021485085,0.00052482635,0.00046780545,0.0003977952,0.00062301237,1.4511361e-05,1.4511361e-05,1.4511361e-05,1.4511361e-05,1.4511361e-05,1.4511361e-05,1.4511361e-05,1.4511361e-05,1.4511361e-05,1.4511361e-05,1.4511361e-05,1.4511361e-05,1.4511361e-05,1.4511361e-05,1.4511361e-05,1.4511361e-05,1.4511361e-05,1.4511361e-05,1.4511361e-05,1.4511361e-05,1.4511361e-05,1.4511361e-05,1.4511361e-05,1.4511361e-05,1.4511361e-05,0.00021485085,0.0001384595,1.4511361e-05,0.00021485085,0.0003333755,0.00043984418,0.00021485085,0.0006400368,0.00048513335,0.00026354528,0.0003977952,0.00028347794,0.00018269006,0.00026354528,0.0003477204,0.00021485085,0.0003015018,0.23257472,0.31037903,0.3131893,0.4165533,0.48533675,0.8848112,0.29562742,0.71551776,0.37774205,0.09415385,0.76682854,0.081517704,0.46312585,0.19047408,0.14184794,0.6800714,0.68854415,0.22996436,0.710766,0.29210684,0.101455905,0.32971585,0.14780508,0.46290103,0.56388664,0.8419268,0.8148321,0.59742373,0.07450018,0.13641398,0.8194523,0.9107344,0.9406882,0.668149,0.08988057,0.031032225,0.6352418,0.37841922,0.31190807,0.93150705,0.056131743,0.45681888,0.25722897,0.7706568,0.19915316,0.40315124,0.1850977,0.9918298,0.9209464,0.7796288,0.6315695,0.64775735,0.4261277,0.5613297,0.6343211,0.22836769,0.19342525,0.9284156,0.2880322,0.87426907,0.11647882,0.367424,0.3082132,0.06081477,0.6001186,0.6443976,0.31858617,0.21530025,0.1114295,0.5341249,0.34379655,0.4137765,0.07305613,0.00040892157,0.6738743,0.11046706,0.3079968,0.5239522,0.37105522,0.00075264764,0.33834955,0.10507855,0.2118781,0.25907108,0.5798755,0.10801736,0.30983463,0.118580796,0.14820105,0.69914407,0.37443548,0.2695351,0.38505295,0.7595112,0.5159605,0.4054554,0.26173252,0.8662486,0.74815327,0.1624081,0.21777262,0.36725062,0.38488674,0.62548536,0.12717831,0.31872326,0.28282306,0.74525446,0.4437558,0.036821138,0.28263894,0.25384423,0.20243473,0.10387027,0.036535576,0.34348017,0.14978091,0.66608083,0.42934495,0.6444431,0.12547524,0.9147789,0.4829717,0.5045593,0.50482917,0.30680004,0.39178482,0.21701063,0.36101785,0.18489754,0.00021485085,0.6744791,0.27010128,0.6620377,0.001063782,0.6780101,0.10611453,0.58182055,0.25078282,0.5305992,0.18369947,0.4363718,0.71274817,0.94492984,0.3870138,0.5108593,0.23916008,0.098699436,0.07651612,0.12680775,0.23217674,0.055910833,0.13844018,0.81120056,0.12522024,0.3290275,0.13622113,0.54179937,0.078208596,0.20825328,0.43042314,0.53227484
BC2026_Train_0003_S08_20250607_070007_45,0.00045952486,0.00017615149,0.00047579192,1.8462548e-05,0.0003352731,0.00023241884,0.00036062804,0.0007042006,0.00036062804,0.0004045889,0.0009231435,0.00044234388,0.00036062804,0.00017615149,0.0003352731,0.0006380341,0.00030665373,0.00017615149,0.00081411866,0.0005717426,0.00045952486,0.00023241884,0.0014072637,1.8462548e-05,0.0006481154,0.0002733307,0.0006676009,0.00059508055,0.00050603587,0.0007924688,1.8462548e-05,1.8462548e-05,1.8462548e-05,1.8462548e-05,1.8462548e-05,1.8462548e-05,1.8462548e-05,1.8462548e-05,1.8462548e-05,1.8462548e-05,1.8462548e-05,1.8462548e-05,1.8462548e-05,1.8462548e-05,1.8462548e-05,1.8462548e-05,1.8462548e-05,1.8462548e-05,1.8462548e-05,1.8462548e-05,1.8462548e-05,1.8462548e-05,1.8462548e-05,1.8462548e-05,1.8462548e-05,0.0002733307,0.00017615149,1.8462548e-05,0.0002733307,0.00042409764,0.0005595177,0.0002733307,0.00081411866,0.0006171189,0.0003352731,0.00050603587,0.00036062804,0.00023241884,0.0003352731,0.00044234388,0.0002733307,0.0003835546,0.31268525,0.28718618,0.44042385,0.28575897,0.71263874,0.9321585,0.2095163,0.5518022,0.4017353,0.13919865,0.8753475,0.06535056,0.36217815,0.25917986,0.16486952,0.6464864,0.78726596,0.19987416,0.5452348,0.23652583,0.1541011,0.42491674,0.24616225,0.5450447,0.50614905,0.9339103,0.66340405,0.58532107,0.070184216,0.32079133,0.8436848,0.92503273,0.901522,0.66568285,0.12481469,0.022978676,0.6752714,0.4612143,0.24829094,0.8431526,0.04466204,0.48848665,0.25205946,0.6806617,0.291978,0.3922052,0.24414021,0.9732108,0.977497,0.8235774,0.7114286,0.76637703,0.44440073,0.46212763,0.45973325,0.2972898,0.20737487,0.72711116,0.22792046,0.9017036,0.15046538,0.32403103,0.3810858,0.051102307,0.6660097,0.6956228,0.32553005,0.21696535,0.10421953,0.38684472,0.2876193,0.30188763,0.09895115,0.00052018766,0.78906304,0.15878345,0.5184319,0.51720434,0.6017438,0.0009573183,0.5201513,0.10085671,0.32625702,0.206223,0.6143997,0.15952314,0.30111134,0.17776768,0.08711744,0.69357616,0.32908,0.42179,0.389299,0.5936043,0.3472011,0.47969916,0.20453012,0.89384335,0.76496387,0.11816269,0.147015,0.4035588,0.52957034,0.75643325,0.17694794,0.439873,0.27576995,0.82184625,0.6004237,0.04514578,0.27515364,0.33247304,0.31177947,0.13179803,0.033271503,0.34251457,0.15083987,0.5410188,0.33301306,0.9017617,0.12882523,0.921639,0.64085734,0.6941891,0.5527981,0.28380716,0.2766375,0.22626063,0.24672443,0.33635077,0.0002733307,0.7475248,0.35472918,0.74590343,0.0013529047,0.703423,0.13010268,0.38816708,0.26349849,0.6296047,0.19486567,0.4397052,0.83674705,0.8518139,0.37195176,0.49282086,0.35234705,0.102342956,0.057588074,0.1338404,0.2735259,0.110318124,0.11828794,0.91148096,0.11343505,0.30968,0.12029271,0.538258,0.08406574,0.24515557,0.43185416,0.4591307
BC2026_Train_0003_S08_20250607_070007_50,0.0006373949,0.00024436024,0.0006599546,2.5613019e-05,0.0004650697,0.00032240868,0.0005002357,0.0009766914,0.0005002357,0.0005612059,0.0012802526,0.0006135675,0.0005002357,0.00024436024,0.0004650697,0.000884943,0.00042537498,0.00024436024,0.0011290973,0.00079301686,0.0006373949,0.00032240868,0.0019513067,2.5613019e-05,0.00089892227,0.00037915565,0.0009259418,0.00082538003,0.00070189725,0.0010990797,2.5613019e-05,2.5613019e-05,2.5613019e-05,2.5613019e-05,2.5613019e-05,2.5613019e-05,2.5613019e-05,2.5613019e-05,2.5613019e-05,2.5613019e-05,2.5613019e-05,2.5613019e-05,2.5613019e-05,2.5613019e-05,2.5613019e-05,2.5613019e-05,2.5613019e-05,2.5613019e-05,2.5613019e-05,2.5613019e-05,2.5613019e-05,2.5613019e-05,2.5613019e-05,2.5613019e-05,2.5613019e-05,0.00037915565,0.00024436024,2.5613019e-05,0.00037915565,0.0005882624,0.0007760642,0.00037915565,0.0011290973,0.00085594045,0.0004650697,0.00070189725,0.0005002357,0.00032240868,0.0004650697,0.0006135675,0.00037915565,0.0005320333,0.21178852,0.25313032,0.42047283,0.23888372,0.65429914,0.9228457,0.25986567,0.64936954,0.49008846,0.13667707,0.8831725,0.051461514,0.2624716,0.46169794,0.1518175,0.70157975,0.7147441,0.2091061,0.48847646,0.32082373,0.1366326,0.60658556,0.4520398,0.4825889,0.6075818,0.9552962,0.54769367,0.567999,0.06925995,0.22405767,0.7995085,0.88624406,0.85339403,0.6688527,0.11434594,0.024722919,0.71781135,0.51514745,0.1451035,0.7941165,0.057372592,0.45190868,0.25426045,0.60845596,0.28090945,0.5359489,0.3230385,0.92319244,0.9898765,0.7833516,0.6484776,0.8018822,0.41361943,0.27112225,0.42361024,0.3365095,0.21651214,0.5913672,0.18684454,0.8852789,0.22088417,0.36655965,0.4408428,0.07490661,0.7306775,0.74647003,0.35092565,0.32468724,0.066273525,0.18343946,0.25711617,0.2827549,0.102431424,0.0007215228,0.61411285,0.16860586,0.5692185,0.6074258,0.42011094,0.0013276311,0.6151734,0.14971842,0.42456672,0.16171968,0.48752,0.10048227,0.4796116,0.3866649,0.0961659,0.5774151,0.44751406,0.5032079,0.42364988,0.7027149,0.48055965,0.49257773,0.1858157,0.9230187,0.8204061,0.082661755,0.12678503,0.32452676,0.57100534,0.6233165,0.1592186,0.47934863,0.31423852,0.8343592,0.6125639,0.047308553,0.24360591,0.34431493,0.27717417,0.18850045,0.041150406,0.29632843,0.15470532,0.52993935,0.27578858,0.8749705,0.18313976,0.91735005,0.5109951,0.55962366,0.38065326,0.159728,0.2525553,0.38565743,0.2378574,0.18126528,0.00037915565,0.8189033,0.46922755,0.71603256,0.0018759697,0.7239274,0.21664415,0.50503886,0.490634,0.46254423,0.21670187,0.44782212,0.8528258,0.8153779,0.43120775,0.52546877,0.32998314,0.13365568,0.072220005,0.13592643,0.23161235,0.11638677,0.20956238,0.95868385,0.1293681,0.39759097,0.07125743,0.61581427,0.14572434,0.22511102,0.4218682,0.4284723
BC2026_Train_0003_S08_20250607_070007_55,0.0006256258,0.00023984489,0.0006477693,2.5139545e-05,0.0004564797,0.00031645218,0.0004909967,0.0009586684,0.0004909967,0.0005508421,0.001256641,0.0006022378,0.0004909967,0.00023984489,0.0004564797,0.0008686102,0.0004175176,0.00023984489,0.0011082677,0.0007783783,0.0006256258,0.00031645218,0.0019153631,2.5139545e-05,0.00088233216,0.0003721515,0.0009088538,0.00081014493,0.00068893866,0.0010788029,2.5139545e-05,2.5139545e-05,2.5139545e-05,2.5139545e-05,2.5139545e-05,2.5139545e-05,2.5139545e-05,2.5139545e-05,2.5139545e-05,2.5139545e-05,2.5139545e-05,2.5139545e-05,2.5139545e-05,2.5139545e-05,2.5139545e-05,2.5139545e-05,2.5139545e-05,2.5139545e-05,2.5139545e-05,2.5139545e-05,2.5139545e-05,2.5139545e-05,2.5139545e-05,2.5139545e-05,2.5139545e-05,0.0003721515,0.00023984489,2.5139545e-05,0.0003721515,0.0005773994,0.0007617382,0.0003721515,0.0011082677,0.0008401422,0.0004564797,0.00068893866,0.0004909967,0.00031645218,0.0004564797,0.0006022378,0.0003721515,0.00052220764,0.22796892,0.3010999,0.3018901,0.24108362,0.47970068,0.9503402,0.38923702,0.6220005,0.3897715,0.08754039,0.7556714,0.035441324,0.28521305,0.5636201,0.18302776,0.4144796,0.7071627,0.2407692,0.53881186,0.39742985,0.07194521,0.5254633,0.5504481,0.5913689,0.38854948,0.88010526,0.5054916,0.44188756,0.06444775,0.28447154,0.91578764,0.9007376,0.8905921,0.439238,0.10176112,0.041142985,0.5832121,0.64530534,0.21923526,0.7538756,0.10140133,0.4796856,0.2993199,0.8226552,0.22666606,0.5019494,0.25928354,0.9678137,0.9768521,0.7655307,0.8036419,0.77857596,0.5199623,0.28670382,0.5073582,0.4126816,0.2003777,0.72697043,0.22913772,0.8432438,0.1747766,0.4964269,0.5077059,0.08206507,0.72581345,0.77546793,0.41223076,0.29563177,0.06768636,0.16291352,0.447595,0.36203906,0.072636165,0.00070820225,0.77528906,0.109261476,0.32640192,0.70360667,0.31079572,0.001303148,0.41419676,0.24463885,0.7922881,0.17113134,0.36973628,0.13101725,0.35985655,0.59415716,0.13609216,0.67793167,0.25506687,0.6304015,0.6622013,0.7664607,0.66127235,0.5800496,0.20598012,0.89574784,0.6437128,0.10104496,0.16553918,0.36006323,0.5984954,0.6933352,0.1594373,0.5074102,0.38472277,0.8564659,0.6194872,0.049382046,0.22190864,0.37007993,0.3034444,0.1285424,0.03722727,0.34837478,0.19786431,0.6094213,0.30803585,0.51540583,0.23244156,0.77576786,0.65801895,0.5964086,0.4319459,0.17734264,0.2841513,0.367969,0.32629445,0.14543368,0.0003721515,0.79665995,0.7598725,0.81352,0.0018414092,0.83146405,0.23551334,0.52964556,0.53797734,0.5482169,0.2980592,0.5026465,0.82233787,0.8671497,0.4405769,0.47002664,0.2843107,0.118469454,0.10784845,0.18138185,0.17115895,0.06869865,0.22076687,0.9336233,0.15175469,0.47869056,0.07696257,0.6254056,0.06496975,0.19642442,0.38108334,0.45052302
BC2026_Train_0003_S08_20250607_070007_60,0.0007407283,0.00028399043,0.0007669424,2.9767807e-05,0.0005404784,0.00037469305,0.0005813434,0.0011349786,0.0005813434,0.0006521943,0.0014876745,0.0007130403,0.0005813434,0.00028399043,0.0005404784,0.0010283731,0.0004943503,0.00028399043,0.0013120564,0.0009215595,0.0007407283,0.00037469305,0.002267244,2.9767807e-05,0.001044617,0.00044063898,0.0010760118,0.00095916435,0.0008156805,0.0012771802,2.9767807e-05,2.9767807e-05,2.9767807e-05,2.9767807e-05,2.9767807e-05,2.9767807e-05,2.9767807e-05,2.9767807e-05,2.9767807e-05,2.9767807e-05,2.9767807e-05,2.9767807e-05,2.9767807e-05,2.9767807e-05,2.9767807e-05,2.9767807e-05,2.9767807e-05,2.9767807e-05,2.9767807e-05,2.9767807e-05,2.9767807e-05,2.9767807e-05,2.9767807e-05,2.9767807e-05,2.9767807e-05,0.00044063898,0.00028399043,2.9767807e-05,0.00044063898,0.0006836349,0.0009018614,0.00044063898,0.0013120564,0.0009946742,0.0005404784,0.0008156805,0.0005813434,0.00037469305,0.0005404784,0.0007130403,0.00044063898,0.0006182944,0.18099375,0.20968057,0.18435845,0.24142443,0.5696932,0.91971606,0.37300226,0.77223575,0.38937795,0.098547995,0.631921,0.022034746,0.542272,0.35481748,0.17539625,0.4077515,0.5600782,0.28787076,0.66653997,0.42891216,0.06877243,0.40752268,0.45546395,0.49798825,0.31907338,0.93631667,0.69800633,0.4129848,0.05921592,0.10693992,0.901794,0.8588935,0.8999278,0.4333474,0.10826368,0.03196612,0.713781,0.55408084,0.22646958,0.8203903,0.17001377,0.46658537,0.18112092,0.9061194,0.28473628,0.36203083,0.22476257,0.99481815,0.97572225,0.7676315,0.874936,0.801376,0.7960608,0.36616045,0.46170667,0.5966038,0.27332816,0.74380666,0.29736164,0.83249027,0.1603115,0.4641244,0.46105117,0.08383144,0.78907347,0.731674,0.33551332,0.2406678,0.049389344,0.38141268,0.5613449,0.40715545,0.07286289,0.0008384849,0.59807986,0.16675128,0.39005795,0.6608369,0.2739747,0.0015427199,0.44077373,0.20695457,0.94345623,0.17610957,0.19332421,0.12302065,0.22531137,0.3930551,0.16166915,0.48488763,0.27996376,0.3865483,0.7722289,0.74112165,0.7386975,0.4716391,0.15211543,0.88077134,0.7161663,0.11266251,0.16306533,0.28812757,0.3434735,0.5458439,0.2239518,0.4692817,0.4504969,0.93955857,0.3432467,0.04880659,0.30799186,0.43051335,0.24017273,0.124801606,0.03452853,0.3672584,0.23036295,0.8766801,0.43286055,0.45070815,0.1555916,0.74137545,0.5871799,0.60144717,0.5713347,0.1950162,0.28461397,0.21134408,0.3014467,0.103810064,0.00044063898,0.6986776,0.78782606,0.7645616,0.002179732,0.88890254,0.15722497,0.48947957,0.42749396,0.6330018,0.51131934,0.51592207,0.8101874,0.9582435,0.27595022,0.57338935,0.19468361,0.14938027,0.073496155,0.20990923,0.12685564,0.06808315,0.14082427,0.9051127,0.130995,0.46508548,0.10561611,0.6096308,0.02674946,0.20915206,0.38261136,0.5325173
