row_id,1161364,116570,1176823,1491113,1595929,209233,22930,22956,22961,22967,22973,22983,22985,23150,23154,23158,23176,23724,24279,24285,24287,24321,244024,25073,25092,25214,326272,41970,43435,47144,47158son01,47158son02,47158son03,47158son04,47158son05,47158son06,47158son07,47158son08,47158son09,47158son10,47158son11,47158son12,47158son13,47158son14,47158son15,47158son16,47158son17,47158son18,47158son19,47158son20,47158son21,47158son22,47158son23,47158son24,47158son25,476521,516975,517063,555123,555145,555146,64898,65377,65380,66971,67107,67252,70711,738183,74113,74580,760266,ashgre1,astcra1,bafcur1,baffal1,banana,barant1,batbel1,baymac,bbwduc,bcwfin2,bkcdon,bkhpar,blchaw1,blheag1,blttit1,bncfly,bobfly1,brcmar1,brnowl,bucmot4,bucpar,bufpar,bunibi1,burowl,camfli1,chacha1,chbmoc1,chobla1,chvcon1,cibspi1,coffal1,compau,compot1,crbthr1,crebec1,dwatin1,epaori4,eulfly1,fabwre1,fepowl,ficman1,flawar1,fotfly,fusfly1,gilhum1,giwrai1,glteme1,grasal3,greani1,greant1,greela,grekis,grepot1,gretho2,greyel,grfdov1,grhtan1,gycwor1,horscr1,houspa,hyamac1,larela1,lesela1,lesgrf1,limpki,linwoo1,litcuc2,litnig1,mabpar,magant1,magtan2,masgna1,nacnig1,ocecra1,oliwoo1,orbtro3,orwpar,osprey,pabspi1,palhor3,paltan1,phecuc1,picpig2,pirfly1,plasla1,platyr1,plcjay1,pluibi1,purjay1,pvttyr1,ragmac1,rebscy1,recfin1,redjun,relser1,rinkin1,rivwar1,roahaw,rubthr1,rufcac2,rufcas2,rufgna3,rufhor2,rufnig1,ruftho1,ruftof1,rumfly1,ruther1,rutjac1,sabspa1,saffin,saytan1,scadov1,schpar1,scther1,shcfly1,shshaw,shtnig1,sibtan2,smbani,smbtin1,sobcac1,sobtyr1,socfly1,sofspi1,souant1,soulap1,souscr1,spbant3,spispi1,sptnig1,squcuc1,stbwoo2,strcuc1,strher2,strowl1,swthum1,swtman1,tattin1,thlwre1,toctou1,trokin,trsowl,undtin1,varant1,watjac1,wesfie1,wfwduc1,whbant2,whbwar2,whiwoo1,whlspi1,whnjay1,whtdov,whwpic1,y00678,yebcar,yebela1,yecmac,yecpar,yehcar1,yeofly1
BC2026_Train_0001_S08_20250606_030007_5,0.00047617237,0.025180409,0.00023910665,0.0020872026,0.00027391766,0.00011545171,0.00016203485,0.00032099354,0.00063139945,0.0022668976,0.003940641,0.00016954742,0.00018631824,7.359946e-05,0.00014698782,0.0015944102,0.00015266283,6.791437e-05,0.0021089173,0.00032145059,0.00021660759,0.0013131321,0.0006048691,3.0095673e-05,0.0003773336,0.00010888071,0.00040209846,0.0005619877,0.00026789895,0.0004954263,0.00096614036,0.00011707671,0.00083824026,0.00028827795,0.011274708,0.0002460704,0.00028641583,0.0002740243,5.7318957e-05,0.14740904,0.00028092897,0.00012515194,0.40659574,0.00010992793,0.005619746,0.0042416546,0.41576916,0.0003649434,0.00028074434,0.00013686925,0.32966617,0.41576275,0.421615,9.807711e-05,0.40193006,0.000104321676,0.00020007601,0.0063156043,0.00016204506,0.00030533108,0.00311675,0.00016808178,0.0005784397,0.0035017722,0.0014821241,0.0002546303,0.00013761222,0.00032263214,0.00012876284,0.00023391368,0.00011999128,0.00022862048,0.075132854,0.06618318,0.061043173,0.09958764,0.119336545,0.41713136,0.18732212,0.14235449,0.1948758,0.031177245,0.26317343,0.034169096,0.08356945,0.26770428,0.16669884,0.38283455,0.21673822,0.081109405,0.40657744,0.24499343,0.0814588,0.035201013,0.10655823,0.16988407,0.21797767,0.086203925,0.26914483,0.26241532,0.037045237,0.026658265,0.46625605,0.54988873,0.5466327,0.23895268,0.09906444,0.033758633,0.24017061,0.27609816,0.13046941,0.5147198,0.08628461,0.28981847,0.08972887,0.34045982,0.113328226,0.14093827,0.03538875,0.34722084,0.15423347,0.42331693,0.37223974,0.34322122,0.39007235,0.15951249,0.3781179,0.10032585,0.09259199,0.088256784,0.060978502,0.43067992,0.055358514,0.15521976,0.30040395,0.053503618,0.26818442,0.43892226,0.18135893,0.04853547,0.022875352,0.01428554,0.15639447,0.1998467,0.057625495,0.0006252971,0.37950745,0.018505529,0.08398968,0.40110028,0.12782238,0.00084322493,0.22887525,0.17401615,0.09566307,0.12196346,0.048759967,0.03710661,0.12435525,0.0770668,0.02368688,0.25820854,0.14111114,0.33240822,0.1626811,0.28856558,0.08973958,0.1269578,0.08324735,0.5133144,0.3763958,0.0074124825,0.19208445,0.21145627,0.18520361,0.47073027,0.064296775,0.13948627,0.20922376,0.32195753,0.42637274,0.027073462,0.1503603,0.11981629,0.063986845,0.050058868,0.014648372,0.21486211,0.25757873,0.3369251,0.20692272,0.35401273,0.11570451,0.3328346,0.325625,0.25104982,0.2800297,0.2733099,0.33439007,0.07326248,0.21214385,0.12275911,0.00010441977,0.3625739,0.25127533,0.5302961,0.0010134563,0.5342221,0.07727253,0.21225205,0.22174722,0.2978539,0.11270744,0.22126065,0.54759234,0.51244944,0.1547112,0.17357084,0.18618962,0.08740143,0.05434626,0.10680794,0.07832352,0.045035373,0.028840892,0.47479266,0.10195973,0.14620852,0.026356366,0.40369567,0.024461526,0.054224454,0.15890014,0.41949505
BC2026_Train_0001_S08_20250606_030007_10,0.00047576317,0.026991919,0.00026662988,0.002220204,0.00028053828,0.00012408587,0.00018124178,0.00035815773,0.00059234165,0.0021633755,0.0038510151,0.00019335494,0.00021463697,8.27022e-05,0.00016033645,0.0015832162,0.00016663113,7.5716955e-05,0.0021166243,0.0003416827,0.00023475217,0.0012874374,0.0006606865,3.1445874e-05,0.00039619263,0.0001214975,0.00043062924,0.00060459634,0.00028223975,0.0004986771,0.0010300183,0.00010819522,0.0007220867,0.00029511735,0.012200013,0.00022364318,0.00025716817,0.00028675856,5.2895335e-05,0.16341546,0.0003130924,0.00010699032,0.41813487,9.7244905e-05,0.00479394,0.0039910376,0.4197104,0.00032721902,0.00027277763,0.00012156129,0.35226226,0.4247431,0.4291195,9.3417984e-05,0.41051596,0.00011996462,0.00019162486,0.0061708107,0.00018118993,0.00030393992,0.0030562591,0.00019559341,0.00056650996,0.0034625207,0.0015502482,0.00029621538,0.00015537193,0.0003018148,0.00014371262,0.00025216205,0.0001350461,0.00024104134,0.09024309,0.074023806,0.064515315,0.116718695,0.1348188,0.36332223,0.2423115,0.16065395,0.17600688,0.027730295,0.28620416,0.031522114,0.06762406,0.29576996,0.24913578,0.32750273,0.27462435,0.07883644,0.40546215,0.25106832,0.109985925,0.051063277,0.13621858,0.2257278,0.11763,0.073846385,0.1846834,0.14435968,0.034644548,0.025066992,0.47617856,0.5487451,0.5465944,0.16964206,0.08740529,0.036046427,0.15716037,0.27993318,0.14511567,0.52621156,0.081194155,0.32576475,0.056338675,0.306803,0.1593417,0.16620849,0.050806865,0.34803894,0.16392045,0.39644104,0.25567177,0.32305977,0.45249423,0.15336463,0.2997053,0.11323184,0.10279544,0.1262532,0.064345084,0.42430535,0.060140792,0.14808065,0.24225621,0.04638464,0.27186006,0.4179225,0.15597409,0.047388524,0.018261915,0.01806578,0.1403986,0.1731164,0.057071,0.00055876793,0.39348075,0.01622465,0.10766238,0.31188765,0.08587285,0.00079855154,0.14212453,0.2471183,0.09759105,0.12993847,0.05218956,0.038400225,0.14402677,0.073397726,0.02408478,0.22222483,0.12391103,0.39710495,0.15547983,0.3739273,0.10291524,0.11746261,0.08403421,0.5195832,0.31058222,0.006045224,0.2116464,0.22034462,0.11881572,0.45689622,0.057996135,0.2077196,0.20621398,0.33521456,0.4117837,0.024117002,0.18647152,0.092058465,0.070302516,0.04929523,0.010721527,0.25393444,0.32782128,0.38262406,0.18728647,0.32861182,0.13519283,0.30915043,0.30198953,0.20371635,0.15609807,0.36503735,0.26462814,0.09707775,0.31810135,0.088511184,0.00011719107,0.31898588,0.22491206,0.5425993,0.0010838698,0.53438497,0.052743528,0.22677459,0.23348644,0.2545138,0.098500624,0.22257471,0.5492111,0.52428615,0.2128465,0.19141123,0.18497592,0.096020915,0.044434473,0.104678586,0.051348157,0.037244584,0.0384289,0.4659912,0.1461721,0.16909753,0.014958613,0.32932007,0.0262709,0.052268323,0.19217128,0.38943535
BC2026_Train_0001_S08_20250606_030007_15,0.0004967705,0.024778262,0.00027215987,0.0019995102,0.00030153588,0.0001289338,0.0001923932,0.000372685,0.00065139576,0.0021894656,0.0040750285,0.00020238684,0.00022741119,8.583697e-05,0.00016995265,0.0016370154,0.00017714602,8.040428e-05,0.002226373,0.00035712,0.00024205864,0.001297831,0.0007152669,3.3207e-05,0.00042107084,0.00012835249,0.0004622187,0.00060679286,0.00030493367,0.000521614,0.0011204458,0.00011318545,0.00086851564,0.00025109836,0.011013268,0.00023552767,0.00027626602,0.0003719243,5.379989e-05,0.16082819,0.00031635765,0.000112693684,0.41578233,0.00010500399,0.004718156,0.0039115124,0.41727328,0.0004300179,0.00031045216,0.0001459506,0.35197285,0.42381942,0.42906463,9.747507e-05,0.40637672,0.00012532355,0.00019682736,0.0063492144,0.00017376452,0.00030995923,0.003147657,0.00020755295,0.00061210286,0.0035150168,0.0015368671,0.00030184645,0.00016400123,0.00031023007,0.00015188268,0.0002634305,0.00014155617,0.00025597488,0.06640517,0.11185562,0.06571053,0.16254245,0.12883382,0.38032937,0.2570795,0.13356005,0.15849732,0.026989557,0.32095063,0.029624578,0.07037157,0.29584643,0.23055626,0.33038738,0.21906856,0.08413306,0.39018595,0.27131116,0.09090071,0.09604563,0.098325685,0.22597736,0.09446165,0.07169227,0.19067298,0.12213351,0.03991489,0.03241389,0.45443812,0.5473473,0.54714257,0.16583407,0.09928198,0.036477618,0.14954604,0.25996605,0.21632951,0.5254712,0.0760919,0.31844175,0.055181336,0.323065,0.13677844,0.13506052,0.06455541,0.3765758,0.19091697,0.40535983,0.23468833,0.32447445,0.4773205,0.15681218,0.31122145,0.112697855,0.11076078,0.15707207,0.06611701,0.42410526,0.04679273,0.14679003,0.24848634,0.074687034,0.31758448,0.40337384,0.15773995,0.070655234,0.019670509,0.01990314,0.13434389,0.1943861,0.0605138,0.00060090324,0.3723451,0.018888758,0.106707714,0.26036364,0.067806356,0.0007974112,0.120129995,0.20917112,0.10256235,0.11875017,0.044572722,0.04143533,0.16350822,0.065673985,0.031389233,0.2447815,0.1504486,0.37803861,0.16116357,0.38857734,0.14646512,0.11901979,0.11968578,0.5192863,0.35027745,0.0065819137,0.23137741,0.27066958,0.10579266,0.45374453,0.063898176,0.29147947,0.19204295,0.35333034,0.3868442,0.025095293,0.1448335,0.10774857,0.08435914,0.073720776,0.009393004,0.21363486,0.22834745,0.3953593,0.17748038,0.30567327,0.120494045,0.31003243,0.2302448,0.18094623,0.093341604,0.37498516,0.25486198,0.1099352,0.28495556,0.10667514,0.00012497709,0.34849474,0.2120845,0.54602295,0.0011073923,0.5337079,0.05299397,0.27576798,0.24701665,0.23716716,0.13955553,0.2464198,0.5488725,0.5247516,0.27151114,0.22593063,0.17467393,0.11582372,0.04331329,0.10218193,0.054096084,0.023532609,0.04688226,0.46116987,0.124338366,0.16539696,0.014939481,0.36418277,0.027472284,0.059750948,0.18803884,0.3287673
BC2026_Train_0001_S08_20250606_030007_20,0.0004927659,0.023126885,0.0002741609,0.00250007,0.0003226307,0.00012752986,0.00019380047,0.0003752989,0.00069906935,0.0021385201,0.0040392983,0.00020178176,0.00023036268,8.572387e-05,0.00017213801,0.001633567,0.00017359562,8.118937e-05,0.002199796,0.000373041,0.00023906233,0.0012835325,0.0007185355,3.085825e-05,0.00043539662,0.00012749853,0.00045991477,0.0006193104,0.00030046472,0.0005032867,0.0011780614,0.00011220584,0.0007979438,0.00022651392,0.010010647,0.00021392811,0.00027852826,0.0005868916,5.113161e-05,0.14752841,0.00033556507,0.00011945446,0.40728316,0.00010287932,0.0053627463,0.004317791,0.4163185,0.00041850266,0.00033722143,0.00023203569,0.34271845,0.4190252,0.42497194,9.836511e-05,0.40533698,0.00012402034,0.0001939077,0.0067072953,0.00017326933,0.00032305077,0.0034851807,0.00022167686,0.00065760495,0.0035417895,0.0016529404,0.00029327805,0.00015911116,0.0003192065,0.00014989001,0.0002571063,0.00013949025,0.00026912297,0.063157074,0.18201669,0.072944775,0.13208018,0.12069103,0.39246458,0.20775203,0.13877805,0.14607309,0.029804828,0.3344528,0.0325291,0.09001707,0.27896926,0.24496616,0.2788159,0.2610757,0.103669815,0.38627824,0.3417627,0.09846879,0.09777152,0.0992226,0.2142549,0.07900239,0.1029442,0.19238366,0.13686265,0.028722484,0.031933688,0.44469458,0.5488392,0.54757243,0.14148766,0.12460205,0.03920542,0.15621455,0.25101194,0.1520279,0.5196756,0.111665666,0.32547396,0.060318843,0.3307744,0.1131343,0.13012958,0.048155207,0.32309842,0.22343817,0.39767897,0.28410378,0.34624603,0.48944744,0.1364145,0.2929023,0.108622044,0.109542824,0.10259502,0.083407536,0.41140056,0.05649626,0.15277901,0.25297084,0.061539885,0.30866036,0.37016633,0.20659623,0.11014547,0.019382058,0.019254081,0.14936823,0.213545,0.06504804,0.0006358478,0.40911716,0.021748545,0.09441834,0.22827683,0.091377616,0.0008065293,0.16960122,0.21654408,0.107607976,0.14561161,0.03937723,0.04887258,0.16562863,0.07579867,0.036836855,0.26968578,0.16487473,0.3667496,0.16524608,0.33941302,0.09826391,0.13719778,0.12258872,0.519605,0.31344095,0.0064342646,0.17754397,0.22762868,0.105733454,0.49189907,0.070418894,0.249564,0.23659514,0.36526495,0.31564358,0.023631291,0.12573862,0.1296778,0.061815996,0.07313472,0.0102942195,0.18420196,0.19548294,0.4150882,0.21571659,0.32634604,0.1378091,0.31609085,0.22769181,0.18464342,0.09073829,0.3101239,0.29105884,0.08881563,0.2279654,0.16354206,0.00012269677,0.33009627,0.21191205,0.54927415,0.0011094187,0.53687155,0.044003867,0.23399004,0.2757043,0.2569763,0.19680938,0.24727762,0.5479682,0.52175844,0.21086803,0.22700655,0.16206965,0.10375005,0.035330057,0.08823689,0.060990445,0.02362073,0.051686466,0.46736628,0.09018652,0.12819614,0.016823126,0.3770835,0.027892398,0.067305565,0.19533174,0.354353
BC2026_Train_0001_S08_20250606_030007_25,0.00044805298,0.024074296,0.00026333818,0.0033082757,0.0002702555,0.00011276273,0.00018761453,0.00034825114,0.0005756554,0.0020992227,0.0040027183,0.00018892303,0.00021234961,7.4795884e-05,0.00015214847,0.0015711715,0.00016010215,6.961428e-05,0.001974996,0.00030932197,0.00021065913,0.0012721389,0.0006315401,2.8906026e-05,0.0003903446,0.00011200303,0.00039666332,0.0006005222,0.00025585978,0.00048640658,0.0010754467,9.666562e-05,0.0006369841,0.00026893258,0.011709125,0.00020409595,0.000257738,0.00035972503,4.7318874e-05,0.16777569,0.00027142846,9.781108e-05,0.41644868,8.804185e-05,0.0057964874,0.004890402,0.4210606,0.00033856055,0.00026854372,0.00013449517,0.3536964,0.42484736,0.42969006,8.2276005e-05,0.41321704,0.000108507375,0.00017134009,0.0063443603,0.0001591673,0.0002827845,0.0034017477,0.00021677135,0.00052777247,0.0034292294,0.0015641666,0.00026125117,0.00014058371,0.0003205136,0.00013282905,0.00023738918,0.00012558785,0.00022626683,0.09031101,0.10385391,0.078909546,0.12551746,0.13033466,0.41391164,0.16600129,0.15240519,0.13394186,0.022026833,0.3090179,0.037165347,0.09921971,0.3292901,0.23668264,0.2778221,0.32809114,0.089086175,0.4014887,0.33294016,0.12539914,0.054750253,0.073312536,0.18197852,0.09111014,0.10759196,0.1523338,0.1629886,0.028368544,0.02846705,0.45926577,0.54997116,0.54800975,0.15630975,0.14494938,0.029594343,0.14749756,0.27361026,0.14930536,0.5192047,0.12308413,0.32093978,0.06351392,0.3199442,0.12347586,0.14334038,0.047004517,0.32964963,0.21889119,0.4248736,0.36196902,0.3273315,0.48692015,0.12794776,0.30273867,0.1334201,0.14121613,0.092006475,0.062185332,0.4004542,0.061666574,0.16054684,0.27255857,0.04818749,0.27354014,0.4193017,0.2213839,0.067080654,0.016588736,0.014768097,0.18139283,0.19461319,0.063038215,0.00053211563,0.4247386,0.030241193,0.1112093,0.23893656,0.10411471,0.0007742136,0.1841042,0.23011343,0.12526076,0.18734664,0.051419966,0.06551784,0.14432636,0.07334218,0.030762045,0.268295,0.14525539,0.42316255,0.17241867,0.3623626,0.056468062,0.1117557,0.12734228,0.5152938,0.36847588,0.005489698,0.16405746,0.22079358,0.10957976,0.49063334,0.080421396,0.21788652,0.30801904,0.37285423,0.3318216,0.022244,0.13165933,0.1218653,0.04963998,0.06683939,0.012340685,0.21087147,0.22564933,0.3802085,0.23466896,0.31402087,0.15156476,0.3453767,0.2507857,0.23566066,0.1071649,0.35404333,0.3050975,0.09574552,0.27900192,0.1408747,0.00010883461,0.3468461,0.27614716,0.5467161,0.0010345934,0.53888464,0.03121814,0.23605105,0.25000948,0.31524214,0.12526019,0.25461963,0.5482779,0.52381307,0.18838215,0.20322564,0.18397245,0.07714862,0.05690201,0.10343168,0.05217575,0.03928796,0.03627365,0.481077,0.1019903,0.12929744,0.015545707,0.3935649,0.027861563,0.05834808,0.22705327,0.42115897
BC2026_Train_0001_S08_20250606_030007_30,0.00044298192,0.02378902,0.00027166717,0.0025066528,0.00027035875,0.000117517804,0.00019160906,0.00034625235,0.0005637395,0.0021640218,0.0038606187,0.00020001098,0.00023323525,7.6681885e-05,0.00015824495,0.0015956596,0.00017461544,7.1520415e-05,0.0020037037,0.00030857627,0.00021729378,0.0013088296,0.0006249793,3.3955803e-05,0.00038646013,0.00011405944,0.00041065924,0.0005574327,0.00026139442,0.0005168172,0.0011415685,9.461192e-05,0.00066217943,0.0002710621,0.012290425,0.00020698311,0.00025319797,0.00028393508,5.236956e-05,0.1845173,0.00028447586,9.778882e-05,0.42315117,8.966469e-05,0.0066745854,0.005338957,0.42367545,0.0003388556,0.00027178152,0.00011734386,0.36432746,0.42914626,0.43321484,9.614365e-05,0.41712457,0.00011411992,0.00016985516,0.0062275357,0.00016054173,0.00028905956,0.0030793443,0.0002355671,0.0005287129,0.0034677375,0.0015832443,0.0002810267,0.00015010015,0.0003026806,0.0001393986,0.00024834968,0.00012921281,0.00022135269,0.097512566,0.1285362,0.1041584,0.12546054,0.13014323,0.4522592,0.19183068,0.1197628,0.1491088,0.021272149,0.31545871,0.046034746,0.08812311,0.33185545,0.21286896,0.3520181,0.30335414,0.08498962,0.4086711,0.30013606,0.122890584,0.059505563,0.07058335,0.1832519,0.1655898,0.073004864,0.19050018,0.21238182,0.036585066,0.031828754,0.45036253,0.548737,0.54792655,0.19905856,0.11203107,0.03552157,0.20496479,0.2788941,0.14993027,0.52581704,0.08927113,0.33831298,0.09481015,0.2908309,0.14986089,0.13542338,0.054371156,0.38200334,0.22768348,0.4338777,0.33245233,0.38079083,0.45418507,0.17409588,0.3147314,0.14843066,0.10507904,0.112430885,0.06395852,0.41157478,0.04522527,0.15787616,0.2782289,0.049083233,0.2864108,0.462395,0.17145407,0.05352522,0.018312743,0.018581038,0.24076927,0.17917585,0.08036938,0.00054333487,0.44619024,0.0209164,0.17365903,0.29779878,0.118422285,0.00082731975,0.15925084,0.19055495,0.13840106,0.15676516,0.056775652,0.06299798,0.14181937,0.07401963,0.036376767,0.2901076,0.13426846,0.3843265,0.20886858,0.32693204,0.06334388,0.1390662,0.13603601,0.5212757,0.3842931,0.005702956,0.20137562,0.22912173,0.18161759,0.4674212,0.088350706,0.17862962,0.31447446,0.35231587,0.43687406,0.026592975,0.13958725,0.10569382,0.06897036,0.07176976,0.012548422,0.22851071,0.21778528,0.36176106,0.24519955,0.31427962,0.13154724,0.34834492,0.31550977,0.24601775,0.18968341,0.3852949,0.3074801,0.09406415,0.28820825,0.15687406,0.00011382543,0.3143597,0.26213455,0.54411376,0.0010425473,0.5338187,0.040274188,0.23327275,0.22990134,0.29992935,0.1565552,0.23463315,0.5472216,0.51014423,0.2198322,0.18436658,0.1828084,0.09213639,0.10092974,0.11822532,0.08079182,0.05936485,0.029889107,0.49052396,0.12901556,0.17091163,0.021761166,0.44134605,0.03715317,0.04464448,0.27654257,0.44197923
BC2026_Train_0001_S08_20250606_030007_35,0.0004748588,0.021516928,0.00031951105,0.0025993073,0.00028962572,0.0001280558,0.00023133858,0.00036573282,0.0005663528,0.0023032788,0.003916784,0.00023343024,0.0003201728,8.182921e-05,0.00016658523,0.0016197073,0.00017239121,7.4772826e-05,0.001981338,0.00032755232,0.00022995577,0.0013135716,0.0006453788,3.3811397e-05,0.0003968916,0.000121260324,0.00042917073,0.0006012251,0.0002630615,0.000650838,0.0011461417,0.000101333186,0.0006014702,0.00035807944,0.011724629,0.00020427127,0.00025222253,0.00031980174,5.2402494e-05,0.17334035,0.00033577075,0.00010330643,0.41630477,8.749421e-05,0.0050398936,0.004007164,0.41826966,0.00026426066,0.00027050538,0.00017003613,0.3528873,0.4247441,0.42971024,0.00010747095,0.4092381,0.00012690198,0.00017503402,0.0064124316,0.00019006483,0.0003462753,0.003082332,0.0002432963,0.0005734693,0.0034921698,0.0016755913,0.00031766997,0.0001658157,0.00033159027,0.00014655282,0.00028657643,0.00013480165,0.00023905665,0.07284034,0.21590455,0.09662331,0.12182677,0.1279346,0.40359747,0.23591486,0.1108593,0.14257257,0.01956047,0.33119705,0.039915822,0.07473881,0.27510655,0.20797062,0.318925,0.25730065,0.059725724,0.42171133,0.32353747,0.12033455,0.043540124,0.069189236,0.194194,0.16395691,0.07097359,0.21847476,0.16083725,0.031969525,0.030275369,0.44054976,0.5493611,0.5486412,0.18288589,0.090909295,0.04711305,0.19770682,0.23375292,0.12451871,0.53291774,0.08872639,0.31750143,0.13518664,0.25670764,0.1689069,0.15964183,0.03765552,0.35500073,0.18331635,0.42445293,0.27547374,0.37151068,0.4405525,0.15681884,0.26939595,0.12866391,0.081477515,0.14657892,0.059295584,0.44353116,0.04333914,0.1720626,0.28545228,0.04200042,0.30956557,0.46248215,0.16275638,0.07562171,0.020916933,0.020339377,0.22718298,0.17915279,0.13579448,0.00057920424,0.38350713,0.016907167,0.116843686,0.30172965,0.13138928,0.0007659654,0.15490739,0.17098188,0.1389602,0.15149897,0.05090853,0.0584573,0.1180647,0.06458756,0.046294715,0.2700935,0.122545816,0.35901853,0.16640776,0.26311806,0.070964806,0.12587975,0.108532496,0.5082523,0.32138997,0.0053164302,0.16624375,0.20722002,0.14367348,0.4638716,0.07473492,0.17364475,0.26652396,0.32246548,0.3933803,0.0296347,0.14017402,0.119769044,0.05559344,0.054146018,0.009485725,0.1893293,0.16901396,0.39689708,0.23881046,0.32939124,0.13716497,0.31450677,0.2703431,0.2567101,0.13830787,0.31461036,0.2635945,0.096306786,0.2283772,0.11337272,0.00012156863,0.28409162,0.18879229,0.544565,0.0011187682,0.53824973,0.035079654,0.21217832,0.1929875,0.25752124,0.15659377,0.2665414,0.5482199,0.516785,0.16904968,0.17560697,0.14199701,0.082151964,0.0505625,0.12695146,0.07579634,0.031033032,0.030238599,0.4448969,0.11434057,0.19611287,0.01505299,0.388679,0.05476177,0.045840424,0.27321932,0.4172895
BC2026_Train_0001_S08_20250606_030007_40,0.0004546052,0.021894198,0.00025938428,0.0019629302,0.0002559924,0.000116552736,0.00018792132,0.00034052884,0.00052949437,0.0021526562,0.0037220898,0.00019450103,0.0002250548,7.59563e-05,0.0001534363,0.0015626425,0.00016185136,7.127675e-05,0.001923063,0.0003219189,0.00021802269,0.0012564845,0.0006330209,2.706994e-05,0.00038614034,0.00011549007,0.0004329781,0.00057403406,0.00025758558,0.00051443564,0.0011539072,9.629311e-05,0.0005296341,0.00029487011,0.012057192,0.00019710367,0.00024175066,0.00032248104,4.1907733e-05,0.1747388,0.00030774684,9.1439986e-05,0.42179093,8.3557796e-05,0.003756987,0.0031142435,0.41988635,0.00022946612,0.00024424464,0.00013448026,0.3607614,0.42860302,0.43259716,8.537604e-05,0.4136922,0.00011456023,0.00016216896,0.006311066,0.00015897822,0.00029147655,0.0029182348,0.0001953209,0.00056568487,0.003399124,0.0014602396,0.00027528277,0.00015159427,0.00029282473,0.00013818449,0.0002389726,0.00012423843,0.00022709889,0.07043622,0.12824926,0.069830805,0.11586177,0.12475345,0.36499056,0.24918173,0.10732639,0.1448678,0.024214424,0.32693455,0.04250593,0.087678656,0.27848458,0.18099993,0.28604692,0.24043523,0.049982514,0.39847362,0.26145998,0.08998411,0.04059368,0.09313988,0.16604125,0.10661648,0.08530318,0.1935262,0.104069516,0.036287367,0.02694265,0.4383873,0.5484539,0.5472675,0.15124586,0.09204866,0.05190686,0.1639875,0.22275569,0.14230815,0.52359927,0.10005858,0.29401097,0.07924156,0.28295815,0.14756083,0.12760766,0.04066355,0.29335627,0.19106247,0.3919633,0.24460481,0.33617038,0.4343438,0.14587216,0.25470957,0.12453452,0.07444686,0.10709854,0.053963788,0.4491011,0.040354524,0.16102466,0.28586394,0.049139753,0.31682014,0.38789526,0.14427206,0.049933523,0.024122149,0.014513689,0.14202343,0.189365,0.10230717,0.00049941527,0.385809,0.034191255,0.10744308,0.29184684,0.104958795,0.0007021137,0.15468884,0.30309772,0.13605557,0.18519697,0.047449514,0.063922144,0.09013876,0.0702846,0.040579442,0.21967731,0.11216315,0.3490304,0.16582006,0.2713054,0.06989919,0.13319632,0.118735895,0.5117047,0.32908103,0.0055363686,0.12719817,0.21003999,0.13018925,0.4357531,0.07452759,0.15096527,0.28233665,0.30407858,0.39199868,0.022648046,0.14552756,0.104472525,0.053129066,0.047036313,0.009675133,0.17403431,0.20646216,0.3654563,0.18708834,0.35735065,0.11691142,0.28525794,0.21480379,0.25122,0.107614785,0.27310905,0.22833697,0.07899747,0.21890126,0.09210001,0.000114025344,0.28715453,0.17657217,0.5529158,0.0009825344,0.53598,0.041812148,0.19588098,0.14584382,0.24140474,0.12172583,0.29118744,0.5482166,0.51794183,0.1598457,0.18246397,0.13601515,0.08873818,0.03347622,0.102551796,0.050687797,0.028220601,0.026729826,0.42333743,0.09853602,0.16904627,0.010742663,0.2849467,0.036207628,0.05118033,0.22775462,0.34652704
BC2026_Train_0001_S08_20250606_030007_45,0.00043142796,0.02421745,0.00022590923,0.0023806703,0.00024113122,0.000108148204,0.00015399644,0.00031258527,0.00050969026,0.0021610279,0.0038672108,0.00016797874,0.0001820907,7.0138725e-05,0.00014137449,0.001556953,0.00015153513,6.656314e-05,0.0019530635,0.00029941107,0.00019975688,0.001250318,0.00058461406,2.3750858e-05,0.00035377027,0.000105202336,0.00038663967,0.0005286772,0.00025094062,0.0004441004,0.0016899992,9.2926464e-05,0.00075306784,0.00024167575,0.010942072,0.00019798384,0.00024831796,0.00039235366,4.4477605e-05,0.15497899,0.0002610738,9.420752e-05,0.4140944,8.63924e-05,0.005144489,0.004325042,0.4161236,0.0003654622,0.000274085,0.00012240201,0.3462583,0.42269805,0.42782775,8.153153e-05,0.40870854,0.000101701604,0.00015784199,0.0066319476,0.00014210955,0.00025132438,0.0028286318,0.0001886476,0.00052001467,0.0034122285,0.0014425457,0.00024094511,0.00013553386,0.00026062274,0.00012511201,0.00021580192,0.00011500491,0.00021235913,0.092497155,0.14427078,0.0705921,0.11210636,0.119692996,0.40797228,0.1616402,0.10265723,0.12385488,0.022866486,0.36150667,0.024042731,0.11843482,0.33259076,0.21316679,0.2835754,0.26354414,0.054690875,0.39394096,0.26646134,0.06807065,0.053595465,0.09440708,0.16837814,0.10265794,0.076492995,0.15759832,0.13671921,0.060632285,0.024981415,0.45908055,0.5469477,0.5472511,0.15923719,0.12838954,0.03384052,0.16553906,0.26820895,0.2656913,0.5166139,0.13416351,0.29441464,0.05291643,0.34761342,0.14922604,0.11310433,0.058327395,0.31730312,0.3357128,0.4205956,0.36322108,0.29874745,0.4513208,0.12626849,0.22236472,0.13897353,0.10323552,0.116876125,0.07288764,0.44224828,0.039868664,0.16805542,0.28555366,0.06633381,0.4141656,0.41403338,0.16975355,0.048841365,0.024365734,0.015077821,0.14048772,0.18951316,0.15403104,0.00046169042,0.45731616,0.06756045,0.10359006,0.27620983,0.12376997,0.00071221223,0.13563696,0.32368883,0.14873531,0.29902342,0.05852904,0.1163764,0.098107435,0.092836685,0.027911507,0.2652031,0.10078619,0.44309315,0.19075678,0.2866913,0.053682916,0.17372519,0.19218239,0.51894164,0.39524317,0.0064047077,0.14371891,0.23675752,0.11286652,0.4342909,0.10269191,0.19166683,0.3674831,0.2996799,0.38950297,0.025368132,0.17955947,0.102099806,0.09470611,0.05246759,0.013211734,0.22844815,0.20761229,0.33938617,0.18007113,0.40253553,0.14256878,0.32838783,0.24682307,0.25423414,0.11414286,0.26763454,0.24628256,0.06054414,0.263553,0.13555683,0.000103343344,0.32731268,0.2447722,0.54760927,0.0009189886,0.5313061,0.03574155,0.19283488,0.16145058,0.31336865,0.08186064,0.26400065,0.5475932,0.52037126,0.2135396,0.21515754,0.18025874,0.08342991,0.0416833,0.10255259,0.036610086,0.03762509,0.03395431,0.4287848,0.10776906,0.18823433,0.013170827,0.3191683,0.027936261,0.051835213,0.23120618,0.41030782
BC2026_Train_0001_S08_20250606_030007_50,0.0004622321,0.02684566,0.0002717466,0.0018596081,0.00025345664,0.00011563505,0.00016350127,0.0003251494,0.0005283989,0.0021978964,0.003963989,0.00018177465,0.00018635583,7.630784e-05,0.0001519433,0.0015949104,0.00015855859,7.0178954e-05,0.0020151602,0.0003211241,0.00021283489,0.0012806122,0.0006309795,2.727129e-05,0.00037848618,0.00011262052,0.00040965225,0.000575474,0.000277391,0.0004865767,0.0014168263,9.9550605e-05,0.0010181366,0.000281457,0.011164333,0.00023438786,0.00025562552,0.0003447544,5.163657e-05,0.14942013,0.00026899725,9.660285e-05,0.40984908,9.825532e-05,0.00578253,0.0048590773,0.41418475,0.0005712099,0.00031822812,0.00012974508,0.33694726,0.41860735,0.42518327,8.781689e-05,0.40237466,0.00010835264,0.00016558653,0.0063581625,0.00016801112,0.00026101377,0.0031664746,0.00018412076,0.0005479312,0.0035000658,0.0014932692,0.0002596789,0.00014663674,0.00026817285,0.00013293282,0.00023538544,0.000121100646,0.00022001474,0.081975065,0.19650187,0.081663944,0.1268266,0.14884986,0.36833662,0.1529305,0.10381552,0.1394817,0.019785406,0.3354744,0.026688352,0.08753071,0.32718787,0.15640756,0.30523375,0.31244493,0.054616008,0.41775203,0.3035123,0.07862786,0.049779214,0.06537029,0.25043514,0.13805886,0.066755764,0.18020996,0.18214525,0.041851975,0.02484671,0.47576335,0.5473601,0.5475165,0.17728835,0.12224293,0.042323817,0.15579967,0.25856668,0.2171847,0.52694315,0.10091539,0.3130151,0.068647146,0.31179845,0.12544103,0.119003855,0.05421734,0.35371152,0.28868052,0.41930482,0.35016897,0.32432044,0.46669647,0.1429104,0.30487558,0.138666,0.098331615,0.14103545,0.08015902,0.43933308,0.04703489,0.17058145,0.2853415,0.042127386,0.34469295,0.45261142,0.16929756,0.054792248,0.02100752,0.01818792,0.1637339,0.18739124,0.12657271,0.0004622141,0.42262712,0.036298282,0.08930752,0.31577677,0.12065065,0.00072316756,0.12521386,0.22377506,0.14310786,0.21738482,0.05419776,0.08313693,0.13161753,0.072462685,0.023100363,0.2302855,0.13611622,0.41211352,0.18446706,0.30907252,0.07230964,0.13697857,0.1506402,0.51815933,0.40302515,0.0053631878,0.16527748,0.2632046,0.11070233,0.4678381,0.085514426,0.19460854,0.31450918,0.31831664,0.32821,0.030343618,0.1547616,0.10960097,0.08157115,0.062916584,0.013411511,0.19390579,0.18526977,0.38009843,0.1571585,0.37669608,0.14921029,0.34948158,0.25297025,0.26816887,0.1347554,0.31729662,0.24957937,0.088323966,0.259085,0.1421414,0.0001093334,0.35155135,0.23990731,0.5362367,0.000974259,0.5346462,0.034366738,0.20709379,0.16414966,0.31695473,0.067982785,0.29081324,0.54843354,0.5189898,0.19183561,0.23237182,0.1455591,0.07577979,0.048773,0.10195062,0.042880356,0.028665964,0.032607187,0.44191828,0.09221193,0.15741666,0.01320486,0.32847857,0.033597153,0.060761996,0.21373197,0.47296888
BC2026_Train_0001_S08_20250606_030007_55,0.00052354345,0.08379181,0.0014523419,0.0013454464,0.00026580945,0.00011567093,0.00016277422,0.0003142268,0.00052749645,0.0023020464,0.004089709,0.00036393892,0.00018867684,9.023905e-05,0.00015455886,0.0015653684,0.0001660152,6.730829e-05,0.001975687,0.00034258832,0.00024082526,0.0012944709,0.0006118978,2.6981555e-05,0.00041553128,0.00011099675,0.00045610234,0.0005658354,0.0005082084,0.0005659123,0.001097043,0.00011984313,0.0016947348,0.001538699,0.018524043,0.0007683388,0.0002503014,0.00038392408,6.782051e-05,0.16937977,0.00033585008,0.00011812763,0.41572917,0.00011310433,0.0044428236,0.0038154633,0.4188363,0.0014819631,0.0003489844,0.00017133885,0.3481772,0.4232592,0.42876408,9.008459e-05,0.4081351,0.00011047964,0.00017601845,0.0069009075,0.00064921356,0.00025345295,0.0030520498,0.00017488451,0.000647733,0.003740688,0.0015363675,0.00024910146,0.00014947665,0.00036561946,0.00012928678,0.0002792672,0.000118513795,0.0002095559,0.0860048,0.12703468,0.07320818,0.09632107,0.1394835,0.37023428,0.19401976,0.109504074,0.1321581,0.022553047,0.31814536,0.03309177,0.068300426,0.29746854,0.18206634,0.29523435,0.3093645,0.05403412,0.39534172,0.36199424,0.0766775,0.042418417,0.053304333,0.27118143,0.16312782,0.060894106,0.24345453,0.1333311,0.037878707,0.023021583,0.4498391,0.5485145,0.5473484,0.16546747,0.14839807,0.06629948,0.17564237,0.24217087,0.18577716,0.528051,0.12305976,0.31238866,0.06515036,0.28093186,0.14504819,0.12128498,0.055729624,0.34669292,0.19130695,0.3970384,0.29462108,0.36023706,0.4520468,0.18460865,0.32995898,0.13831043,0.08623142,0.11967611,0.11887288,0.443498,0.04268023,0.1876692,0.28492266,0.042960107,0.24896365,0.40914395,0.16652331,0.050346877,0.017407905,0.018940758,0.15036872,0.18439515,0.08033397,0.00046017888,0.40390453,0.025202528,0.079044305,0.28709188,0.11242351,0.00068481965,0.12903069,0.24240485,0.122498274,0.18616368,0.04779983,0.058378387,0.11572303,0.07044531,0.029038766,0.22395971,0.12316652,0.3397279,0.19007584,0.25092003,0.076653056,0.12187686,0.14548579,0.5186394,0.43068132,0.005272771,0.13071167,0.24741986,0.12706083,0.49650082,0.091547854,0.19050635,0.2707468,0.36073697,0.31488323,0.028902099,0.13800804,0.112659454,0.053852815,0.055858023,0.0151027925,0.22337826,0.16395804,0.38498503,0.18016726,0.3779582,0.16111189,0.2960917,0.2326484,0.25177848,0.13388833,0.332746,0.2700234,0.08982044,0.24110305,0.08645357,0.00010678136,0.36222005,0.2016908,0.54197234,0.0009853268,0.5381626,0.041693475,0.19637017,0.17618646,0.2714181,0.09475157,0.29671702,0.54760057,0.5217978,0.15803897,0.19268616,0.10662572,0.07205571,0.043559134,0.14003891,0.061756518,0.01998916,0.027211212,0.4691048,0.091891736,0.15605234,0.012864835,0.3307016,0.03630954,0.062318936,0.17356306,0.44674295
BC2026_Train_0001_S08_20250606_030007_60,0.0007498503,0.27188206,0.00535454,0.0014042264,0.0003508304,0.00014198326,0.00018213202,0.00031140842,0.0005900385,0.0029473784,0.005296328,0.00099359,0.0002355811,0.00015360625,0.00019081187,0.001705722,0.00022499051,7.4018506e-05,0.0022636,0.00047382945,0.00037262298,0.0014935798,0.00066814804,2.5881847e-05,0.00055222295,0.00012380499,0.0006012047,0.0006434932,0.0013223741,0.00093653356,0.0011741316,0.00019432601,0.0046311542,0.0056349956,0.039612323,0.0025465176,0.0002620668,0.0005045628,0.00013474243,0.17490059,0.0004025033,0.00022030405,0.41393262,0.00017311708,0.004864946,0.004360636,0.4154973,0.0049751094,0.00056085613,0.00019411281,0.35288674,0.42161778,0.4268071,0.00012475575,0.40858468,0.00013435379,0.0002349256,0.009860477,0.0022585867,0.00026155188,0.0032304004,0.00017034783,0.0010521119,0.0049412153,0.0020442563,0.00026168162,0.00019218531,0.00066280254,0.00014089035,0.0004687165,0.00013817991,0.00021680005,0.09629154,0.09401236,0.08963178,0.08598489,0.10401207,0.44506595,0.2159074,0.11332934,0.11028204,0.02214994,0.33858886,0.028269334,0.07252957,0.23854347,0.32096767,0.26817253,0.3058077,0.04772012,0.33082643,0.46144852,0.05521676,0.04374105,0.06754118,0.1711834,0.18156888,0.06423429,0.17453821,0.09322,0.04406882,0.022069898,0.4152591,0.54896533,0.5495765,0.16505979,0.12248252,0.039196044,0.114168726,0.19849296,0.118375145,0.51378655,0.08764581,0.2497008,0.06081483,0.2872929,0.15827888,0.12038317,0.06410203,0.29568917,0.30217466,0.41022366,0.23859043,0.33574182,0.47160068,0.25855246,0.33305326,0.1380011,0.100398265,0.15204707,0.2793095,0.4349466,0.041369285,0.13221009,0.16529463,0.05394042,0.3046202,0.36552724,0.19947168,0.05848793,0.017757932,0.017663661,0.12880331,0.16025116,0.11193023,0.0005194042,0.39271286,0.017612735,0.07711393,0.21973415,0.09196199,0.00079856906,0.17515026,0.1577681,0.120118365,0.14288206,0.050673917,0.044964418,0.08720963,0.1005353,0.05286514,0.25507143,0.07470176,0.24330229,0.17993173,0.23959482,0.08575068,0.1043125,0.1083385,0.52130336,0.41241655,0.005514558,0.08906637,0.2299267,0.123994015,0.5241021,0.099435315,0.18838865,0.17506552,0.49384284,0.23927025,0.024531687,0.15257372,0.10764429,0.056363147,0.027090432,0.0144086415,0.20359153,0.13892274,0.3752302,0.1687066,0.38270268,0.21769713,0.27227497,0.28562427,0.22379237,0.14317922,0.3267392,0.28176346,0.06370789,0.17297119,0.066585444,0.000115001734,0.32125074,0.15211646,0.5294762,0.0011288824,0.53835917,0.038833916,0.21110103,0.22340308,0.2669036,0.12579775,0.23122643,0.5460185,0.5087052,0.11416562,0.17142062,0.078875355,0.070623524,0.050986465,0.10438719,0.06612069,0.023435386,0.032879997,0.4826204,0.07647826,0.1776019,0.015997296,0.35617676,0.029094962,0.078835435,0.14469151,0.36006308
BC2026_Train_0002_S08_20250607_030007_5,0.0006455066,0.012981043,0.00029316108,0.0053831385,0.00036496343,0.0001701517,0.0001745062,0.00035179316,0.0005447332,0.006210235,0.0040465468,0.00020777846,0.00023774628,0.000113182265,0.00019409765,0.0022008233,0.00020711408,8.574218e-05,0.0063759843,0.00044859265,0.00025160983,0.0011999889,0.000801881,1.9788971e-05,0.00051537727,0.00015263085,0.0006314977,0.00048964395,0.0004341306,0.0005977618,0.086339355,0.00019978499,0.0039501125,0.00017411355,0.00095293083,0.0002903519,0.00046934027,0.0015688866,0.00012443126,0.010040547,0.0007435997,0.00022810519,0.17583992,0.0002619767,0.002014634,0.002347778,0.13740812,0.0048660473,0.0007181912,0.0008150065,0.09163979,0.17861822,0.18814346,0.000160295,0.22966754,0.00015298043,0.0005087818,0.008215664,0.00025190547,0.00025865945,0.00223951,0.00015421402,0.00079726696,0.00359477,0.0025838497,0.00027584855,0.00016609833,0.00022290999,0.00015799685,0.00030225836,0.00016366091,0.00021092015,0.055340286,0.07777686,0.083703674,0.123773895,0.16511886,0.3652749,0.061234936,0.096650876,0.13371722,0.0250793,0.30792058,0.026354883,0.053146858,0.3079017,0.205353,0.33168826,0.21497576,0.07378,0.3213067,0.1677742,0.052980524,0.030433893,0.0394625,0.19790153,0.07375004,0.07919321,0.1712682,0.17231126,0.05815095,0.035404302,0.41379485,0.53138536,0.5370797,0.11193116,0.11300934,0.0136799235,0.12516965,0.22525331,0.17362244,0.49656266,0.057036053,0.24507116,0.098702714,0.30618638,0.1254502,0.121302284,0.061343398,0.3696672,0.28372025,0.3636278,0.40447915,0.2967121,0.3688129,0.09620826,0.18682727,0.101866096,0.05416033,0.116506815,0.07300982,0.42065665,0.033189762,0.11891741,0.13236298,0.033773158,0.3081351,0.38853425,0.18616702,0.1172893,0.015236539,0.031881906,0.15718631,0.14148867,0.08847197,0.00040076804,0.40309417,0.019539958,0.11515168,0.16584802,0.10218926,0.00061804755,0.11303391,0.09524177,0.081149966,0.14218621,0.033444423,0.063369356,0.117022045,0.10728903,0.03816619,0.26033476,0.061515972,0.34350213,0.18003327,0.33562395,0.04662079,0.076694675,0.17493445,0.52040726,0.22149742,0.010910947,0.1545022,0.24024445,0.1644552,0.27486217,0.17814516,0.16988039,0.19289577,0.3370743,0.3776005,0.023584845,0.21336658,0.113988735,0.051656954,0.058215234,0.026379652,0.3346832,0.14125991,0.32206115,0.15218242,0.24548,0.04360343,0.35455558,0.28293964,0.22185008,0.15541686,0.29041246,0.1937185,0.08567382,0.29224247,0.11453483,0.00013109998,0.3496819,0.23016866,0.4247258,0.0011516355,0.51939964,0.022448959,0.22003704,0.20169193,0.19845562,0.1128268,0.3424039,0.53805035,0.4812365,0.16045168,0.21848118,0.19888963,0.07602634,0.080512375,0.27248824,0.092166804,0.02472158,0.055153754,0.47752282,0.112240106,0.10610713,0.015790863,0.2500783,0.028379463,0.055464473,0.11525283,0.53017366
BC2026_Train_0002_S08_20250607_030007_10,0.0006807193,0.015196699,0.00024355028,0.0051540146,0.00026219542,0.00013389389,0.00014550684,0.00029824866,0.00050297193,0.0077032745,0.0038330948,0.00017380323,0.00018845222,9.2195856e-05,0.0001610195,0.001776578,0.00017916437,6.9995105e-05,0.0058998987,0.00033547136,0.00021146264,0.0011061484,0.00069730834,1.948591e-05,0.00041096588,0.00012391039,0.00055580644,0.00046639142,0.00041269115,0.0005672461,0.119912624,0.00018708396,0.0035009268,0.00022665857,0.0013585667,0.00033706124,0.0004636287,0.003122045,0.000107937594,0.013377286,0.001401969,0.0002148534,0.20614916,0.00025987643,0.0021210806,0.0023112993,0.17274405,0.0037045483,0.0009137302,0.0017798232,0.12873305,0.21434757,0.22360937,0.00015533117,0.2761754,0.00012128572,0.0003393868,0.008051281,0.00017229549,0.00021592488,0.0020807106,0.00013228407,0.0006627651,0.0033279425,0.0017321329,0.0002420963,0.00015105112,0.00019534345,0.0001330285,0.00025565922,0.00013929486,0.00018564034,0.0666502,0.06829748,0.15945481,0.13066983,0.13550349,0.3312566,0.07000441,0.118594654,0.15257314,0.023864953,0.3194217,0.024539227,0.07016672,0.3550665,0.18352033,0.30973873,0.2150464,0.063073196,0.3028634,0.20940173,0.06602977,0.03590561,0.0517991,0.20912787,0.05956725,0.0773277,0.17764665,0.1379444,0.07183048,0.029953215,0.4162922,0.53451556,0.54025614,0.097996384,0.1431095,0.01674961,0.10390479,0.24108085,0.15279049,0.49405771,0.04761598,0.26011643,0.08431151,0.29265213,0.117417544,0.102755025,0.085732706,0.37162042,0.23338597,0.32468957,0.40777874,0.3522517,0.37016943,0.10882025,0.20879172,0.14005195,0.059813287,0.12176846,0.071512006,0.41958094,0.038220003,0.12273562,0.14449541,0.036896218,0.20501193,0.38795504,0.13457686,0.07401014,0.019710664,0.029235097,0.15626237,0.16510658,0.08676128,0.0003592765,0.43391448,0.02183323,0.14715102,0.19688076,0.11006854,0.00057153555,0.12717444,0.09674513,0.09349128,0.109776065,0.03577437,0.10551369,0.10729516,0.09394674,0.028023161,0.26689857,0.064054266,0.3497381,0.20374711,0.36737674,0.04035753,0.07445945,0.15322651,0.5269405,0.22955617,0.00840313,0.16350982,0.20849305,0.14550503,0.29655737,0.12943172,0.17652647,0.18812695,0.30878568,0.4261711,0.023250522,0.1915423,0.14082521,0.047449652,0.058443584,0.041938357,0.28223217,0.15802327,0.29290706,0.12618414,0.2512261,0.04805703,0.33183533,0.26244467,0.23513004,0.12269629,0.32166475,0.19323495,0.07575444,0.29821864,0.075853534,0.000110394925,0.33355063,0.19836386,0.43901798,0.0010452389,0.5087718,0.027257482,0.23966846,0.18941621,0.25798172,0.16690396,0.32461768,0.5347723,0.45623553,0.14882626,0.19819617,0.15289086,0.065382026,0.062360182,0.16400374,0.06773749,0.027427388,0.038661342,0.4847157,0.118387595,0.12190668,0.01699839,0.23772469,0.023297627,0.074965954,0.12639208,0.51946574
BC2026_Train_0002_S08_20250607_030007_15,0.00061040313,0.013290837,0.00023643805,0.005699764,0.00026054634,0.00013198673,0.00014614649,0.00029699993,0.00058845145,0.011532109,0.0043838387,0.00017787308,0.0001915016,9.318998e-05,0.00016308266,0.0017560442,0.00018646022,7.125268e-05,0.006605975,0.0003161598,0.00021565557,0.0011307087,0.0007034189,2.1187265e-05,0.0003890384,0.00012255585,0.00061509205,0.00044097847,0.00040751675,0.0006371889,0.12867075,0.00018412399,0.0041262712,0.00036057993,0.0011272093,0.00038547278,0.0006111073,0.0019236193,0.00012216318,0.01110006,0.0008645685,0.00024645161,0.19524777,0.0002769244,0.002623576,0.002804546,0.15377174,0.00397132,0.00068799115,0.0010277138,0.11422721,0.19909789,0.2068999,0.00017011553,0.25999674,0.00012030873,0.00029706204,0.00988371,0.00015706984,0.00021939017,0.0021536574,0.00013392151,0.0007064423,0.0034339717,0.001536476,0.00025205547,0.00016455345,0.00018416255,0.00013576048,0.00026325084,0.00015719648,0.0001910778,0.059802376,0.066802815,0.08489381,0.1370884,0.1154465,0.37396246,0.09834534,0.12163165,0.1666096,0.031035239,0.29897302,0.027589718,0.07983752,0.34537232,0.1684177,0.37271425,0.25817502,0.07308015,0.32532564,0.27067825,0.07755902,0.036721412,0.059182134,0.21602301,0.06797937,0.08068523,0.19622703,0.1134726,0.15647699,0.02526922,0.440685,0.53751457,0.5359299,0.10413892,0.21377906,0.015917838,0.12284161,0.27672887,0.15093301,0.47002763,0.06776834,0.28913254,0.08991602,0.3328418,0.099704824,0.094699256,0.058655154,0.3872978,0.20151722,0.3071314,0.391657,0.35671118,0.3214462,0.11247143,0.21387649,0.113603786,0.061986763,0.13146101,0.059357706,0.41329116,0.048964906,0.12644912,0.18102583,0.03442896,0.16242698,0.39297265,0.15509675,0.0629123,0.018743042,0.033074502,0.14065987,0.15777123,0.08751707,0.0003865937,0.46059746,0.02220544,0.1015679,0.18226881,0.11773111,0.00063741487,0.15448084,0.105311796,0.10450371,0.11703637,0.040986884,0.13292514,0.11103204,0.09255104,0.028377071,0.31298754,0.0678724,0.33917943,0.20720924,0.331185,0.04560996,0.08174301,0.1900606,0.52945834,0.27906045,0.010635413,0.15514225,0.23962624,0.17918791,0.32785222,0.116819724,0.22642483,0.23173158,0.29020622,0.40541944,0.023523726,0.21032102,0.21963069,0.075603485,0.059534803,0.03434854,0.2434337,0.20750818,0.29812366,0.113148734,0.2726728,0.06305125,0.3573201,0.30955815,0.28630063,0.13028769,0.3160988,0.18770856,0.08051777,0.31817248,0.09343273,0.000112353344,0.35980275,0.20329183,0.43618473,0.0010611281,0.51095134,0.03226761,0.2127109,0.19144978,0.27247626,0.15387012,0.28701615,0.531282,0.45621377,0.17450166,0.16992393,0.156028,0.06589405,0.069218464,0.22548184,0.0633677,0.030093469,0.042255454,0.50229615,0.17634492,0.12296065,0.016225977,0.30578274,0.019357853,0.09313385,0.15241298,0.526783
BC2026_Train_0002_S08_20250607_030007_20,0.00067479594,0.011119407,0.00022858856,0.0071920585,0.00032013824,0.00013703444,0.00014011233,0.00029668555,0.00069452036,0.012134647,0.0055285217,0.00016966974,0.00021554026,9.494081e-05,0.00015788662,0.0018239305,0.00020148262,7.352223e-05,0.00741051,0.0003539397,0.00022387621,0.001134573,0.00069132965,1.8924835e-05,0.00040481915,0.00012076915,0.00060073915,0.0004240297,0.000417577,0.0006270509,0.13225545,0.00021232164,0.0042191567,0.00033287544,0.0007687112,0.00040523979,0.0005561905,0.0026896875,0.0001373483,0.0071834796,0.000993145,0.0002791302,0.18972595,0.00031994176,0.002063794,0.0023064525,0.12484996,0.005135625,0.00076616503,0.0015335487,0.10352975,0.18982789,0.19425327,0.00018046502,0.24141592,0.0001259145,0.0003280482,0.0125021795,0.00017949197,0.00024287301,0.0021644165,0.00012464199,0.0007407343,0.003493914,0.0014518745,0.00024601584,0.00016174474,0.00017999053,0.00012919382,0.0002957884,0.00016035518,0.00020301456,0.06882302,0.085053444,0.075849526,0.16956359,0.15755504,0.36748633,0.06784401,0.11367897,0.14722122,0.036130555,0.32298332,0.024499224,0.0764669,0.3495253,0.1556396,0.3499196,0.23513323,0.07426676,0.3291939,0.18662494,0.064300835,0.036295936,0.03513172,0.2156954,0.09111921,0.08515701,0.19443029,0.11121306,0.2538275,0.029895477,0.43088686,0.5341857,0.52793026,0.10545334,0.20823075,0.017938688,0.11785653,0.260195,0.15495776,0.42146033,0.0506786,0.29275388,0.100196086,0.3594831,0.08756461,0.1010376,0.060644805,0.38109547,0.24229994,0.31733784,0.40588835,0.36787778,0.2873203,0.10887486,0.1894549,0.105929784,0.07864812,0.11664946,0.0635765,0.42995322,0.051979177,0.11325594,0.21323717,0.04810976,0.23887789,0.41928756,0.18409549,0.08167347,0.020872058,0.030568535,0.12718017,0.15726721,0.10105728,0.0003675528,0.39898986,0.022604164,0.06501402,0.16208899,0.15007779,0.00059523433,0.14869028,0.093997374,0.08484949,0.11307714,0.05316373,0.10501968,0.110804595,0.100560725,0.026003977,0.26713082,0.065304026,0.30710518,0.17443208,0.3752972,0.047139443,0.14146824,0.2284298,0.5243495,0.2673114,0.01817977,0.1807424,0.25249922,0.20116447,0.31924522,0.12657908,0.31141937,0.19376029,0.22545166,0.27328828,0.02123928,0.24346815,0.25563776,0.12871455,0.07206527,0.029312555,0.22772662,0.2169737,0.2754551,0.11983922,0.25184995,0.06745199,0.3920215,0.3090842,0.27090794,0.14395295,0.29887685,0.18863924,0.08949238,0.27596074,0.17753519,0.00011139124,0.37110645,0.2113398,0.36189452,0.0010849821,0.4965064,0.02932803,0.1988496,0.21233006,0.27813992,0.08253176,0.36407888,0.52881855,0.45611793,0.18392919,0.18121737,0.20579217,0.06891583,0.05644478,0.27670372,0.055780582,0.032088626,0.05370904,0.49009085,0.14899778,0.126743,0.01464229,0.3852405,0.019974003,0.08036028,0.13915813,0.531494
BC2026_Train_0002_S08_20250607_030007_25,0.00065367395,0.011468364,0.00021081528,0.0072516087,0.0004128822,0.00012579159,0.00012847783,0.00028090912,0.0005694182,0.01224722,0.0053802426,0.0001553101,0.00022713163,8.756007e-05,0.000140153,0.0017575752,0.00016331804,8.080229e-05,0.0074694008,0.00041185698,0.0002363979,0.0011157871,0.00062060053,1.63927e-05,0.00036321228,0.0001061216,0.00054376764,0.00040192466,0.00040018922,0.00058781204,0.1330583,0.0001915196,0.0036129514,0.00020747625,0.0009113642,0.00035478608,0.00046933303,0.0036826972,0.00010995463,0.0076885666,0.0013441489,0.00028219132,0.20063448,0.00030787737,0.0016446055,0.0019257243,0.14892615,0.0050377348,0.0008640433,0.002097698,0.121746264,0.20132922,0.20652927,0.00016964579,0.2657708,0.00012135244,0.00030267984,0.012114128,0.00019549482,0.00026109227,0.0021225165,0.000114879826,0.0006624479,0.0034225883,0.0013876864,0.0002244968,0.00013956924,0.00016566769,0.000119233024,0.00031029462,0.00014002973,0.00018629603,0.104176365,0.12322903,0.059848666,0.16330877,0.18334776,0.33200097,0.05413242,0.13491455,0.14673807,0.025199566,0.3405685,0.027281439,0.075008176,0.3641972,0.19053341,0.34129646,0.2350759,0.06304504,0.3070617,0.17687307,0.058569755,0.03756185,0.029556835,0.22086027,0.091750704,0.102878734,0.20336896,0.115454815,0.11718898,0.03155661,0.46868187,0.5350755,0.5259888,0.12129549,0.11997327,0.013572328,0.12092826,0.25125918,0.15401602,0.42964718,0.061386272,0.2770991,0.078925654,0.28966063,0.09068589,0.11484265,0.075572014,0.40086764,0.3782634,0.3546669,0.37935457,0.36845022,0.3263557,0.12552825,0.14222302,0.116364844,0.10727618,0.12889162,0.052663907,0.4219155,0.05009337,0.10026529,0.17901123,0.05018245,0.34748328,0.42065457,0.14777221,0.102203734,0.026635583,0.029922059,0.1017247,0.18791535,0.1861265,0.0003621732,0.320684,0.022758618,0.056901123,0.19162203,0.14561994,0.00052271597,0.12893392,0.10090427,0.08611335,0.10673508,0.043139394,0.09356965,0.09862302,0.137174,0.02835064,0.2186701,0.078700766,0.31918553,0.15431644,0.42529693,0.052146364,0.2802352,0.22462064,0.51980644,0.24009137,0.014509197,0.14905795,0.21660006,0.25801906,0.305483,0.09148285,0.3380906,0.19340917,0.19414544,0.29110965,0.024742095,0.24273022,0.14270584,0.24907592,0.073288076,0.023192536,0.20818594,0.20250952,0.27219033,0.1220246,0.28640443,0.07340583,0.3984244,0.2863614,0.20359063,0.114452586,0.30953896,0.18885224,0.08050427,0.2513413,0.12021698,0.00010676103,0.35041466,0.22151464,0.34614912,0.0010977563,0.4951933,0.028481796,0.18388355,0.23532775,0.33973393,0.06455018,0.360306,0.5330953,0.46863434,0.15905732,0.1929045,0.2063471,0.06591072,0.059679177,0.23036921,0.041178387,0.040373366,0.04566845,0.4844493,0.13212267,0.14884123,0.014702244,0.33181924,0.021881348,0.079330295,0.14397126,0.53310406
BC2026_Train_0002_S08_20250607_030007_30,0.00069011044,0.011176923,0.00021911386,0.0060029537,0.00030130672,0.0001261995,0.00014166096,0.00028902045,0.0004761935,0.008809349,0.004558111,0.00016973208,0.00019690022,9.07489e-05,0.00014950358,0.0017392274,0.00017064228,7.544661e-05,0.008036748,0.00034918037,0.00022780354,0.001118153,0.0006597119,1.6354856e-05,0.00038452473,0.00011643161,0.00048212777,0.00042865123,0.00035625228,0.0005581677,0.13356249,0.00016954396,0.003589034,0.00016257173,0.0012042039,0.00026508656,0.00045495012,0.0026262084,8.7981505e-05,0.011883558,0.0009986539,0.00021841079,0.221111,0.00025065916,0.0012323073,0.001413129,0.14402157,0.0041065225,0.0007534918,0.0013582308,0.14745721,0.23004675,0.23824576,0.00014693728,0.27920625,0.00012014566,0.00029118816,0.010850252,0.00017021866,0.00023766235,0.0021278432,0.00012679318,0.0006240292,0.003374197,0.0014280188,0.00023345285,0.00014433237,0.00017324218,0.00013035187,0.00026990587,0.00013435153,0.00019071481,0.17340592,0.08643285,0.05336367,0.13746811,0.15704067,0.3559031,0.06871598,0.12229729,0.17051697,0.024916327,0.3136588,0.03039363,0.07045289,0.33893132,0.1682208,0.33651066,0.2709083,0.078254215,0.30797127,0.24288474,0.05727262,0.03706589,0.029554117,0.22988538,0.07358849,0.098627955,0.26337513,0.13220897,0.07689814,0.03518497,0.44843164,0.53745764,0.5336591,0.12039416,0.13352042,0.01635375,0.17023326,0.26578408,0.18702248,0.46324605,0.06233529,0.29114416,0.08736609,0.32585895,0.10704225,0.1006225,0.053486973,0.39761588,0.30427894,0.35283694,0.36955044,0.3801515,0.34152,0.18313843,0.14885017,0.13041638,0.11351597,0.15075505,0.06086463,0.4437521,0.04480362,0.10009821,0.23087282,0.03762625,0.33879727,0.4260238,0.17053936,0.10996051,0.02298519,0.040517367,0.12036141,0.2109822,0.09200906,0.00034376388,0.41775814,0.023652703,0.06369434,0.20880066,0.14933464,0.000537645,0.14508851,0.10888116,0.10824746,0.15909588,0.04463114,0.12553413,0.11715739,0.09925474,0.029677344,0.23929642,0.094477914,0.3796012,0.1769875,0.38773763,0.051153395,0.15698022,0.29765898,0.5233754,0.33529484,0.009621761,0.1830952,0.23688568,0.20539434,0.39188877,0.101645775,0.29756638,0.23175389,0.21595715,0.3858576,0.027866907,0.21351522,0.17777868,0.14048114,0.067358315,0.018919906,0.18235435,0.17971322,0.30017757,0.12403854,0.34178326,0.07850615,0.38827735,0.32015133,0.22677523,0.113426685,0.34021872,0.1972746,0.06500956,0.31419232,0.08010014,0.00010911446,0.3340142,0.23271024,0.44856018,0.001047818,0.4784195,0.034596857,0.19888666,0.17911348,0.3747564,0.10006072,0.2793957,0.5331066,0.47810638,0.15187547,0.18855575,0.20842792,0.06841623,0.090957135,0.28844935,0.04835472,0.049119994,0.04134605,0.47806638,0.18371141,0.15000454,0.013596639,0.36004958,0.02761915,0.072440736,0.14614247,0.5312936
BC2026_Train_0002_S08_20250607_030007_35,0.00078076246,0.013179284,0.00025505674,0.003436797,0.00026832335,0.00013542225,0.00016049227,0.0003161684,0.0005153343,0.0069200313,0.0040802723,0.00019378109,0.00019125314,9.7907876e-05,0.00016784824,0.0018306958,0.00020917242,7.9653626e-05,0.0067907926,0.00033420746,0.00022715004,0.001161545,0.00074879173,1.8285411e-05,0.00044471282,0.00013205397,0.00055281946,0.0004513775,0.00039887888,0.00053278095,0.14700413,0.00018754888,0.0045336806,0.00019026845,0.0013754393,0.00028835,0.00046770732,0.0036864562,9.527175e-05,0.013863062,0.0012586724,0.00019932124,0.22557354,0.00027545865,0.0011557507,0.0012921167,0.13569862,0.004425449,0.0009112136,0.0022011832,0.15729149,0.23537777,0.2440095,0.00014386223,0.2871786,0.00012944221,0.00037097358,0.008948943,0.00016577257,0.0002389581,0.0021775013,0.00013664075,0.0006278447,0.0034690094,0.0014691919,0.00025631144,0.00016129887,0.00018601643,0.00014948238,0.00025758904,0.00014276455,0.000197888,0.09521202,0.064407535,0.042580295,0.13011241,0.15314882,0.3277453,0.08165734,0.11384904,0.15157746,0.03780457,0.29443407,0.026391583,0.070547305,0.320975,0.16893841,0.37571454,0.22641586,0.07716623,0.33501112,0.18286121,0.064824805,0.034266975,0.030492047,0.2197078,0.08250434,0.10849567,0.24834912,0.11858096,0.06073963,0.041610476,0.38375658,0.5353198,0.5403395,0.1033356,0.1211526,0.019439079,0.16873515,0.21696216,0.15282549,0.46938673,0.037631493,0.26238137,0.068875,0.31221166,0.12510473,0.117577866,0.04025488,0.3706354,0.24858698,0.28256625,0.39328685,0.3659612,0.34915552,0.15523368,0.16331486,0.10248621,0.07214484,0.15146816,0.062402006,0.45311466,0.052553356,0.1262903,0.17215326,0.034278426,0.26401383,0.41117892,0.14913534,0.07250606,0.017005382,0.025793465,0.12184451,0.1635502,0.05406048,0.0003421025,0.3432492,0.021483928,0.06606475,0.19274792,0.17088701,0.0005931708,0.14717682,0.10414129,0.09253978,0.14095885,0.05057685,0.08162645,0.1313796,0.097215846,0.028034238,0.26283592,0.091588475,0.35037073,0.22928914,0.3729368,0.043910097,0.09540436,0.20034981,0.51234704,0.28089854,0.010130011,0.16612025,0.24043113,0.18808168,0.37399787,0.10382561,0.2145262,0.25693592,0.2511695,0.27171364,0.022553544,0.20800059,0.3175628,0.08801445,0.05820088,0.023319336,0.19690405,0.14799026,0.29001993,0.099325575,0.26850823,0.06474733,0.30802077,0.2623705,0.30922318,0.120509714,0.31514555,0.19299972,0.06981755,0.25072265,0.07913037,0.00011864968,0.2944641,0.19893213,0.4307511,0.0010283396,0.48824242,0.024992699,0.2048291,0.16019896,0.2791637,0.1733949,0.24382667,0.5292426,0.46340522,0.15999484,0.20356357,0.19187327,0.06619334,0.059017565,0.2678715,0.0753652,0.03945817,0.04601225,0.45551148,0.10202808,0.1646562,0.014432926,0.32516846,0.028427707,0.05900408,0.12322136,0.5115441
BC2026_Train_0002_S08_20250607_030007_40,0.0008315817,0.0730194,0.0006741806,0.0027820563,0.0002526025,0.00013284496,0.00014759661,0.00028688513,0.0004980807,0.0074147154,0.0047351867,0.00028553113,0.00018598913,0.00010562729,0.00015270257,0.0018388402,0.00017833608,0.00011138641,0.005273768,0.00038275623,0.00019887241,0.001204296,0.0007084779,2.0039994e-05,0.0004244793,0.00011928423,0.00064012344,0.00044009418,0.0005316449,0.0005724685,0.13464299,0.00019608805,0.004445112,0.0012277826,0.0047461824,0.0005816044,0.00046055976,0.0056288918,0.00010335713,0.01667823,0.0018233093,0.00021031445,0.20895515,0.00028227037,0.0014299231,0.0014932449,0.15163824,0.006442725,0.0012404254,0.0041344753,0.13843785,0.21406502,0.22073051,0.00015065844,0.2868815,0.00011772364,0.0005740213,0.008359228,0.00020656816,0.00026651722,0.0022629597,0.00012124929,0.0005471009,0.0035532797,0.001550066,0.00023909601,0.00014450887,0.00022178734,0.00014137432,0.00028295146,0.00013372906,0.00018529197,0.06431522,0.068407044,0.07483321,0.122574516,0.14257275,0.3369208,0.113610946,0.100042656,0.17461279,0.06422679,0.34010717,0.018997414,0.100087784,0.32589203,0.30509815,0.3576715,0.20898369,0.09226203,0.321549,0.22277042,0.06359455,0.029127138,0.033743374,0.20551036,0.07899105,0.1417116,0.2014469,0.113026805,0.06143198,0.05526122,0.37058184,0.5329051,0.5357048,0.10479377,0.10476205,0.015954101,0.14307804,0.18914738,0.15606698,0.45776057,0.042605646,0.24607855,0.06845718,0.25558573,0.13116837,0.10477802,0.046163514,0.3406381,0.22437555,0.28958142,0.33925754,0.3180772,0.35377294,0.111430846,0.16331615,0.1008452,0.07068181,0.13051745,0.08849925,0.4456233,0.06213368,0.18202011,0.14852132,0.031895854,0.2455001,0.37842074,0.15868708,0.067230575,0.019441983,0.020731771,0.121711634,0.16328824,0.05915844,0.00031577775,0.34601828,0.019526854,0.068287924,0.17331633,0.18266192,0.00055135414,0.18227684,0.11138879,0.10716266,0.1460541,0.054193154,0.06952396,0.11192931,0.124583334,0.032521937,0.25885946,0.07193951,0.37187892,0.23732513,0.44045526,0.04859174,0.09074906,0.16983396,0.5125625,0.23401201,0.009890281,0.15457222,0.23226574,0.16300976,0.30140728,0.090657756,0.22605209,0.23247072,0.27367118,0.27234438,0.022718927,0.2205545,0.25502098,0.058456175,0.05099047,0.02871677,0.2671716,0.15744431,0.3234433,0.1087474,0.29852244,0.07894648,0.26355523,0.2636772,0.2915052,0.19067675,0.28647137,0.17692064,0.06304314,0.26165137,0.08871411,0.000107565225,0.31478885,0.21817398,0.40168247,0.0010177733,0.5002152,0.023893926,0.18366824,0.18176061,0.2734443,0.115221396,0.24335928,0.52262706,0.46314514,0.14318942,0.21523958,0.19133765,0.066515826,0.051617336,0.31729925,0.053020503,0.02785861,0.046350323,0.4570408,0.06928938,0.19786902,0.015923133,0.29288548,0.02245527,0.057399124,0.13205409,0.49460143
BC2026_Train_0002_S08_20250607_030007_45,0.0008486176,0.20792474,0.0017156928,0.0038553558,0.0002983737,0.0001469361,0.0001557039,0.00030780706,0.0005499027,0.009032887,0.004052851,0.0005629445,0.0002157214,0.00014231319,0.00016629457,0.0018188972,0.00018666535,0.00019246581,0.005564347,0.0005879633,0.00022020232,0.0012226474,0.0008067591,2.2600992e-05,0.00041989738,0.00012881724,0.00071565853,0.00046268653,0.00078283047,0.00080979615,0.12350764,0.00021400038,0.0049025468,0.0036820127,0.012837374,0.0012513467,0.00050823676,0.0048089176,0.00012637273,0.028234776,0.0014563936,0.00025940817,0.2012536,0.0002941341,0.0016989621,0.001609307,0.14973012,0.009908763,0.0011831006,0.0031382788,0.1263653,0.20463349,0.21229637,0.00018041799,0.28107154,0.0001264581,0.0004212629,0.008396258,0.0003390844,0.00036240002,0.002326981,0.00012859925,0.00062436017,0.0035874508,0.0018390401,0.00024631957,0.00015943442,0.00034531896,0.00013658138,0.0003748883,0.00014415226,0.00020242759,0.06848273,0.0673142,0.16601786,0.15126693,0.13765067,0.3376126,0.09721722,0.09753971,0.122598045,0.04065453,0.34619936,0.025532367,0.0728432,0.3121127,0.28629592,0.35342878,0.22468826,0.06927169,0.29763716,0.37062132,0.043866344,0.030350477,0.04713479,0.178518,0.09047426,0.118733756,0.2328942,0.12784964,0.09660217,0.05873182,0.40907088,0.5332002,0.53251034,0.14289457,0.134742,0.01246414,0.12420706,0.21634237,0.13246742,0.458679,0.05272748,0.26664707,0.071176834,0.27759525,0.1266985,0.098484434,0.05906325,0.35203567,0.35777944,0.3214389,0.40911582,0.29334816,0.3565771,0.09699577,0.1930559,0.109538965,0.09551242,0.175171,0.17604937,0.41623437,0.040987443,0.12290437,0.12321659,0.040042497,0.31742242,0.38801584,0.13768658,0.081593245,0.025785983,0.029490426,0.13022499,0.18031923,0.11137018,0.0003535928,0.33115178,0.020592202,0.055749644,0.16648585,0.16687648,0.00059083133,0.16251038,0.12673506,0.1527312,0.16472839,0.06974314,0.08672697,0.12257674,0.09712536,0.029660912,0.23935874,0.059845787,0.35701638,0.19030328,0.39455122,0.041381754,0.071337834,0.12528652,0.5121891,0.27833962,0.009970387,0.15003078,0.22491224,0.11814397,0.31679255,0.092885874,0.22933808,0.18372934,0.3631415,0.2812486,0.020992175,0.19471948,0.33590323,0.049761612,0.046902396,0.031609595,0.21154638,0.15080601,0.38772973,0.119711876,0.30266964,0.116906635,0.2944862,0.25960773,0.29534197,0.15841648,0.29319462,0.19522375,0.057572223,0.2823069,0.1083674,0.00011645805,0.27147275,0.22757106,0.3568485,0.0011236151,0.49654558,0.028060468,0.17574087,0.1987333,0.2261027,0.122144856,0.28048587,0.525015,0.46433598,0.15142931,0.19761024,0.15140484,0.052565962,0.059080426,0.27274653,0.05979428,0.024710406,0.049555678,0.43112966,0.06406068,0.14501399,0.015302409,0.23300703,0.021341547,0.043706857,0.10990518,0.49334624
BC2026_Train_0002_S08_20250607_030007_50,0.00071437354,0.07171499,0.00068652985,0.0051476746,0.00026200304,0.00014115423,0.00014928507,0.0002994045,0.00053149427,0.011075382,0.0039082603,0.0002891185,0.00020870635,0.00012452358,0.0001690049,0.0018139947,0.00017754827,0.000111696594,0.0067433645,0.00040207716,0.00021723947,0.0011958241,0.00079796556,2.1919917e-05,0.00042889168,0.00013408768,0.00070534524,0.00046388755,0.00053961796,0.0006749856,0.110094175,0.00021903118,0.0051498706,0.0013366974,0.0046456405,0.00062886317,0.0007049547,0.0023813087,0.00015713097,0.016600197,0.00075766054,0.00031554862,0.20274878,0.00030746078,0.0016677403,0.0017607051,0.12832919,0.00629123,0.00073106686,0.0011109686,0.13538465,0.21139275,0.22060418,0.00022352235,0.26143748,0.00012210246,0.0004692653,0.009183746,0.00021548299,0.00026229367,0.002226326,0.00012727769,0.0006106579,0.0034792176,0.0017652763,0.00024294853,0.00017231866,0.00024083423,0.00013469798,0.0003024242,0.0001509848,0.0001917799,0.0540961,0.06842803,0.08272955,0.17308441,0.14442065,0.3467932,0.10879779,0.12021624,0.13382077,0.027732057,0.2890958,0.046529647,0.09528959,0.32564557,0.3095652,0.36663103,0.2338806,0.082976125,0.33489707,0.23771498,0.051077973,0.044386327,0.0745255,0.18013942,0.08378844,0.1177452,0.19866316,0.1734625,0.09612059,0.052851584,0.44730017,0.5240645,0.5265185,0.1370675,0.19128418,0.015672384,0.12219572,0.27277562,0.15505749,0.4672231,0.07243668,0.272623,0.07806337,0.31299326,0.10554188,0.11181605,0.050844353,0.32835665,0.43155217,0.3110533,0.43414047,0.26603132,0.2742634,0.12236453,0.2187937,0.10072494,0.06965443,0.18519741,0.09051274,0.40826443,0.03775934,0.10254487,0.1778156,0.037145812,0.34492072,0.40764597,0.13394986,0.07642272,0.021244172,0.06455065,0.12907366,0.1539394,0.081245355,0.00034073443,0.35988963,0.023231436,0.07674477,0.18768984,0.10891255,0.0006451636,0.18371429,0.120099284,0.12024603,0.15730067,0.06171591,0.109413356,0.1724893,0.09563272,0.034318052,0.2500947,0.06734362,0.3387947,0.18336272,0.41860175,0.04721319,0.067381434,0.14667237,0.52046204,0.3075746,0.008466244,0.14080113,0.24594542,0.13588667,0.2600212,0.09634062,0.16874874,0.17947581,0.31895566,0.2644251,0.022244764,0.21060847,0.26334035,0.055846132,0.05111313,0.04525985,0.2026891,0.16572583,0.32515758,0.11366387,0.28234878,0.0944741,0.3001568,0.30056226,0.29346693,0.113813214,0.32597786,0.1819167,0.085923746,0.28034657,0.0958657,0.00011335229,0.3152048,0.1994497,0.38347194,0.0011102983,0.475442,0.024222076,0.19350302,0.22667043,0.20278327,0.17231952,0.26643538,0.5270428,0.46591517,0.21134573,0.18379773,0.13388963,0.055668183,0.06835118,0.23423275,0.102642514,0.025054114,0.06307751,0.4516878,0.07677621,0.1336558,0.014566917,0.24491614,0.025109861,0.05295426,0.12663902,0.515286
BC2026_Train_0002_S08_20250607_030007_55,0.0007099258,0.015597562,0.00024140981,0.004267573,0.00025076314,0.00012977605,0.00013770504,0.00027300869,0.000509152,0.014588892,0.0044187754,0.0001649272,0.0001903839,0.00010442863,0.00015597636,0.00175992,0.0001761278,6.971618e-05,0.006826021,0.0003407374,0.00024141252,0.0011591696,0.0007173134,1.9321278e-05,0.00043351098,0.00012330414,0.00061718636,0.0004458541,0.00041270003,0.00063124433,0.13117664,0.00020836784,0.004383565,0.00029995502,0.0014362322,0.00037279396,0.0006099035,0.0024726016,0.00013609801,0.013081462,0.0007933555,0.00027455503,0.21875122,0.0003067428,0.001197459,0.0012772918,0.14328884,0.004262697,0.0007550579,0.0010087978,0.15275483,0.2282418,0.23477274,0.00019290236,0.28066432,0.00011383759,0.0003868689,0.009556904,0.0001519623,0.00020984796,0.002116829,0.00011561801,0.0006958184,0.0034448472,0.0015547344,0.00023097545,0.00016302941,0.00019489141,0.00012436288,0.00025268117,0.00016320474,0.00017886,0.06657609,0.07049852,0.104246944,0.15127409,0.18827738,0.35779315,0.14710334,0.08816171,0.12459597,0.039213806,0.26634642,0.041960053,0.086384155,0.32184282,0.24513198,0.3964605,0.25691298,0.07375986,0.31154317,0.19628917,0.056501426,0.03679074,0.045969937,0.164057,0.073757134,0.09383152,0.19099547,0.17688744,0.08923745,0.03092653,0.41927868,0.529312,0.5150242,0.16986695,0.212011,0.019125398,0.1764588,0.3144896,0.18326673,0.49169722,0.092771575,0.34001318,0.08124087,0.34818932,0.12600912,0.09099409,0.05320022,0.3242419,0.32288083,0.35973606,0.48564357,0.27739617,0.21381232,0.12677415,0.2024017,0.102341555,0.09719969,0.14401974,0.06363777,0.4342423,0.036615696,0.11217671,0.15479983,0.0372723,0.2307102,0.41582826,0.15210977,0.058710054,0.021538565,0.043351572,0.16570127,0.1264553,0.07659643,0.00031980404,0.37347496,0.021076124,0.07672191,0.17796053,0.09397477,0.0005833272,0.21657957,0.10701016,0.108333945,0.15386304,0.04264097,0.10300729,0.13783413,0.08563323,0.029183075,0.2558835,0.060591385,0.34909016,0.2146929,0.4002769,0.0480523,0.0865891,0.19284505,0.517973,0.31060782,0.0095413495,0.15693858,0.27148703,0.14275718,0.25071317,0.1363749,0.1956867,0.18214664,0.26244274,0.28596422,0.09211253,0.22904648,0.27054372,0.060969263,0.072698645,0.04910575,0.25076324,0.17995797,0.27277008,0.1767464,0.2686845,0.071409725,0.32512215,0.2863431,0.3128918,0.09327705,0.35237023,0.17728607,0.08783248,0.31684828,0.09000531,0.000106542015,0.35855305,0.1953393,0.46300894,0.0010140783,0.4846147,0.025567817,0.20050234,0.24245135,0.25435695,0.09967962,0.28408095,0.505991,0.4588923,0.24966152,0.16683856,0.15878454,0.051836956,0.06602387,0.28785735,0.075940095,0.023894392,0.061832614,0.47034416,0.09140732,0.17698838,0.016531145,0.32655784,0.023777945,0.06128345,0.19293801,0.5437738
BC2026_Train_0002_S08_20250607_030007_60,0.000854527,0.011076064,0.00025223228,0.003584204,0.0002787427,0.0001470985,0.00013523862,0.0002656063,0.00047590092,0.014080958,0.0049789594,0.00016853673,0.00021723687,0.0001074937,0.00016344198,0.0018247068,0.00019870081,6.5646236e-05,0.0067942166,0.00043382926,0.00038244066,0.0012286536,0.0007077833,2.1262316e-05,0.00049253594,0.00012675297,0.00062692404,0.0004557709,0.0004417591,0.00085581647,0.1535323,0.0002446014,0.006146878,0.00030643988,0.0013831964,0.0004490353,0.00054052833,0.0023805082,0.00015808103,0.012304808,0.0010104863,0.00034675907,0.22867885,0.00032717222,0.0009378808,0.0009912874,0.14565438,0.004966632,0.0006436551,0.0009613191,0.16655645,0.2354927,0.23986761,0.00023402656,0.28637302,0.0001267616,0.00042962492,0.011599084,0.00015277107,0.00020624461,0.0021738745,0.00011583048,0.001147671,0.0036525954,0.0014900897,0.00025771814,0.00018426182,0.00022500989,0.00012638826,0.00025815493,0.00024522125,0.00018924123,0.074326985,0.04614652,0.29092532,0.15359183,0.3199591,0.31115466,0.10700818,0.07905053,0.12616327,0.033806704,0.22930543,0.025803985,0.043042824,0.25201252,0.3423668,0.4303029,0.19358838,0.0506526,0.2430361,0.1914039,0.040743064,0.0344747,0.05249653,0.16015701,0.08620604,0.08353323,0.18339543,0.12289241,0.08938645,0.017350147,0.3385496,0.5373688,0.48839483,0.22079162,0.21943943,0.023877995,0.14806855,0.26835182,0.14972259,0.49301144,0.058162414,0.3521786,0.06864644,0.43219504,0.20279808,0.07864108,0.0797701,0.31167498,0.30133376,0.32616365,0.5028598,0.2716106,0.16465643,0.084016904,0.20675832,0.09480313,0.11838017,0.13082023,0.0635607,0.45967785,0.030489845,0.10857368,0.1896861,0.05070687,0.17006654,0.4215327,0.15473263,0.06152348,0.024538761,0.025615456,0.18577422,0.13779028,0.049154866,0.00034807314,0.27726975,0.021066327,0.05907314,0.15446763,0.094795555,0.0005544666,0.18002398,0.158458,0.1284341,0.12264277,0.040599156,0.12602374,0.08794644,0.0554619,0.02475768,0.23532471,0.067767106,0.27805117,0.34802485,0.31188855,0.050118532,0.10707952,0.16605693,0.49860692,0.3053235,0.010667499,0.10785726,0.24245396,0.10854986,0.32090428,0.13576056,0.18989035,0.18347591,0.20556188,0.21349372,0.3105983,0.2332982,0.15943561,0.038285263,0.064955495,0.05139074,0.19607578,0.14354831,0.29921514,0.22472939,0.21203299,0.062065713,0.26186198,0.2520668,0.27556965,0.08302527,0.30327973,0.19652416,0.071617104,0.2375153,0.09683408,0.00010752438,0.3143194,0.20524189,0.5256892,0.0010386063,0.43795204,0.030859957,0.1808339,0.24136664,0.21686533,0.06961648,0.31582248,0.4598565,0.3554244,0.20332879,0.15324976,0.16522393,0.04713205,0.057460267,0.30000412,0.03746779,0.018314706,0.039412253,0.42185602,0.084682375,0.25685906,0.015116921,0.34912091,0.022188414,0.045304656,0.14815514,0.5492721
BC2026_Train_0003_S08_20250607_070007_5,0.0006836308,0.06460511,0.0007065163,0.00069136114,0.0001889811,0.00029544148,0.0001854965,0.00035692175,0.00047785154,0.0023035689,0.005419027,0.00022528796,0.00022240815,0.0001097262,0.00025219657,0.002036315,0.00019165207,9.69264e-05,0.0021648726,0.00054067594,0.0002490593,0.001451282,0.00092370843,1.7246974e-05,0.00068533956,0.0001493471,0.0004710491,0.00034167006,0.00046031934,0.0012845389,0.00070674747,0.00016271221,0.21874583,0.00024487442,7.9985984e-05,0.0002755862,0.0019780728,0.079791725,0.0004532905,0.0053420556,0.06484339,0.0005635563,0.00028753825,0.00017016577,0.02784383,0.031462565,0.33028895,0.23974681,0.021489913,0.092263505,0.00028504938,0.00025568245,0.00026772777,0.0005797022,0.18126231,0.0005353141,0.00030483567,0.0055630095,0.0004427943,0.00022762077,0.0023651235,0.00013400041,0.00048836024,0.0038763604,0.0014490065,0.00030265914,0.00022375629,0.0002518231,0.00087729143,0.0005377122,0.00015787061,0.00020054328,0.057601288,0.09227105,0.15422569,0.116227,0.34263405,0.44973555,0.13212284,0.24973933,0.30631125,0.04678603,0.35613722,0.02640723,0.1583426,0.21231286,0.07062317,0.29825315,0.16273479,0.06407384,0.30470794,0.25335255,0.0874987,0.22301938,0.13388287,0.4346841,0.13748194,0.790212,0.13975978,0.1045607,0.049273692,0.042305127,0.4703812,0.5206475,0.50570625,0.23886286,0.061828706,0.024112258,0.28307512,0.26116234,0.07279573,0.3730064,0.03168333,0.36286226,0.11677361,0.41934034,0.12627481,0.11374225,0.10007486,0.333022,0.55051,0.49675816,0.28710887,0.4785999,0.4341016,0.10283038,0.24289894,0.34753925,0.12677445,0.24232535,0.13562743,0.41979733,0.07718613,0.17667061,0.21144724,0.0420741,0.31542087,0.40853277,0.1708825,0.06789297,0.021782104,0.04587877,0.23639432,0.19238643,0.058578644,0.0002875991,0.3147786,0.021643352,0.1501559,0.1766792,0.13192584,0.0008077244,0.19061893,0.07332232,0.48301932,0.10661649,0.17985137,0.05380057,0.10290405,0.05342148,0.12294425,0.14441696,0.14003676,0.14489712,0.23390639,0.38267186,0.16298218,0.26214102,0.11936233,0.49246806,0.33946183,0.009522277,0.13807847,0.2765258,0.3085034,0.50905615,0.0877024,0.28290555,0.22750732,0.53825563,0.22728166,0.03136493,0.10256886,0.19857246,0.1391878,0.081176005,0.017728265,0.2041416,0.08632058,0.23489127,0.1023208,0.30212638,0.045001175,0.35716882,0.2885866,0.32252282,0.18826184,0.2716188,0.27586114,0.082638405,0.18114728,0.059286572,0.00014835612,0.29547867,0.30227458,0.3923618,0.0011992769,0.5219873,0.0670075,0.29150498,0.29935452,0.25649512,0.10027213,0.27357158,0.52607113,0.4518795,0.22687107,0.30158603,0.12438733,0.10466257,0.03477002,0.10613012,0.08963502,0.0368169,0.077561475,0.56629807,0.05679755,0.2697349,0.02035569,0.3685035,0.022164132,0.13290925,0.15477584,0.25226724
BC2026_Train_0003_S08_20250607_070007_10,0.0005948966,0.06231274,0.0005228441,0.00070003886,0.00017756896,0.00034567557,0.00017199524,0.00035499095,0.0007570566,0.0028277922,0.010718588,0.00022079707,0.00021470318,0.00010292147,0.00023148439,0.0022676894,0.00015968358,9.782158e-05,0.0021553712,0.00048194663,0.000235674,0.0015240093,0.000902572,1.9666099e-05,0.0005934134,0.00014000986,0.00048567,0.000326943,0.00041821683,0.001551887,0.0006642348,0.00013447755,0.24805562,0.00021928709,9.429602e-05,0.00027974436,0.0017811368,0.0713506,0.00057380646,0.007160175,0.04685587,0.0005241455,0.00022285784,0.00016825138,0.013882939,0.015338012,0.30336508,0.24120395,0.023692373,0.07645663,0.00019501068,0.00017968072,0.00020088216,0.0007092598,0.17375456,0.00036227138,0.00029567585,0.005831694,0.00025944467,0.00022505599,0.0027370078,0.00012649737,0.00046316884,0.0038778707,0.0014698886,0.00029498694,0.00026571896,0.0002197844,0.00050285144,0.0010905882,0.00015243255,0.00019534309,0.08627469,0.10888563,0.3068859,0.13370587,0.27638802,0.4386764,0.22122447,0.42681032,0.29229394,0.04671841,0.45341444,0.032452106,0.16234797,0.36090386,0.07610354,0.38791034,0.18285847,0.13349766,0.3399806,0.229716,0.12399831,0.31814075,0.14220321,0.28783423,0.21426535,0.83918387,0.1820054,0.16837199,0.050601218,0.049409326,0.432375,0.5120763,0.5041653,0.37181866,0.064556114,0.027386613,0.3865778,0.24479325,0.080474086,0.46182525,0.03238667,0.38513115,0.12754111,0.36712295,0.1753722,0.17571762,0.12229455,0.34346595,0.5254086,0.43844655,0.24858923,0.48326385,0.3456006,0.107913606,0.32360741,0.17399533,0.118964255,0.28375882,0.11727313,0.44295618,0.19460262,0.33608162,0.2527337,0.034663364,0.39885566,0.41878414,0.24912086,0.10711464,0.04135954,0.04579239,0.15669945,0.18353426,0.04832852,0.0002764137,0.3426566,0.07670686,0.29922166,0.23778482,0.24546975,0.00066121586,0.1936044,0.0849271,0.29344377,0.10799488,0.22312059,0.07678419,0.12752578,0.15089154,0.061279118,0.21066478,0.34483674,0.18242206,0.2801727,0.3801816,0.18733852,0.1979764,0.08918752,0.52287745,0.46136945,0.011803868,0.21301182,0.35603967,0.17982468,0.46139306,0.079934955,0.15995298,0.14077593,0.52594346,0.33070946,0.03228313,0.12592112,0.15330629,0.11988665,0.07551733,0.030900223,0.2199631,0.08160483,0.2617042,0.1288745,0.545634,0.05496209,0.43472525,0.2285516,0.28579488,0.3498018,0.30608484,0.24250492,0.24731898,0.19860812,0.1104119,0.00014554836,0.40615854,0.20650876,0.4097097,0.001477479,0.45953026,0.080697514,0.30124423,0.21863425,0.2297047,0.10545922,0.24658853,0.51550776,0.4370769,0.22973204,0.2616795,0.09152478,0.15989569,0.028842345,0.09567397,0.13035886,0.04278692,0.07254747,0.53585106,0.07592606,0.27290824,0.027898205,0.39323223,0.03439838,0.22009456,0.2073462,0.31962213
BC2026_Train_0003_S08_20250607_070007_15,0.00077668077,0.050214265,0.0007458504,0.00070699176,0.0002678157,0.00050918467,0.0002641281,0.00054922415,0.0014272546,0.0040227505,0.011015795,0.00035075628,0.00033190649,0.00017062965,0.00037924887,0.002912489,0.0002313357,0.00015660524,0.0025907399,0.0007328335,0.00037758835,0.0018092354,0.0014300656,3.3857028e-05,0.0009210333,0.00021876703,0.0008957947,0.0004970625,0.000605715,0.0025195503,0.0009719451,0.00017785527,0.24099298,0.00030599785,0.00015610862,0.00029531904,0.0018787883,0.06880311,0.0008404427,0.0110942405,0.04093899,0.00081740314,0.0003070146,0.0001889899,0.017047659,0.014336368,0.22478832,0.20073606,0.02580564,0.0802152,0.00024809365,0.00022606232,0.0002344858,0.0012124255,0.17257334,0.00058460975,0.00034214777,0.0066966047,0.00033556542,0.0003448459,0.0037103244,0.00019233368,0.00068850134,0.0041581113,0.0015883825,0.00045123283,0.000519978,0.0003454477,0.00074764667,0.0021863258,0.00023194474,0.00031168718,0.06361574,0.10945581,0.2759186,0.108047284,0.23234332,0.42875567,0.15331443,0.38867795,0.26491183,0.04466552,0.472454,0.02793115,0.14423761,0.3335078,0.06461466,0.46664783,0.17857572,0.21981709,0.4001429,0.18903808,0.10952846,0.3354602,0.23950489,0.25226423,0.26756847,0.81985784,0.32286143,0.18506864,0.036452394,0.051472105,0.4159881,0.5225308,0.49563247,0.32707715,0.051252086,0.029979177,0.42888525,0.16178729,0.061618052,0.4467915,0.044658326,0.3452184,0.14776558,0.33082932,0.21986842,0.23975128,0.15072866,0.41216105,0.5107623,0.37136588,0.22277798,0.47808167,0.292541,0.112190664,0.2745007,0.11489084,0.08411103,0.27019987,0.13334979,0.4592207,0.09668158,0.40665942,0.22624694,0.03181343,0.49096632,0.3870468,0.24268702,0.19996762,0.052386668,0.09389089,0.1393792,0.17601293,0.052906916,0.0004212416,0.24967405,0.16314821,0.3446388,0.33259964,0.24092087,0.0010301035,0.22216956,0.08738863,0.2415291,0.09974733,0.112604365,0.05589578,0.14791651,0.23983017,0.043087773,0.18390024,0.36108837,0.21631902,0.21945287,0.44853804,0.20632608,0.2068502,0.06552623,0.52905655,0.49069637,0.018301878,0.11810018,0.26196393,0.1466352,0.31540155,0.059919544,0.16919883,0.099487424,0.50958157,0.36883515,0.028163506,0.14720488,0.16226102,0.14452796,0.09827115,0.029789535,0.17590024,0.07496451,0.21009953,0.13870238,0.68865037,0.077051364,0.4055243,0.19067132,0.3020766,0.33948743,0.2174296,0.15888862,0.3106408,0.13935538,0.089433566,0.00021327694,0.38979152,0.158007,0.37897158,0.0026862402,0.41828272,0.11252391,0.31840506,0.1353302,0.22345611,0.12283015,0.24839342,0.48256376,0.4206319,0.19023071,0.25823295,0.092037104,0.13883775,0.023567546,0.077542625,0.119244695,0.07004939,0.07025336,0.5188882,0.10883476,0.30042306,0.03217212,0.4043757,0.047760185,0.14238304,0.18289155,0.2934587
BC2026_Train_0003_S08_20250607_070007_20,0.000920683,0.110048726,0.0010276223,0.00076769484,0.00034255325,0.00040305877,0.00033357297,0.0006578789,0.0011969723,0.0032421395,0.0070155775,0.00047139727,0.00039644682,0.00022024596,0.00042497116,0.0027192126,0.00030519202,0.0001899277,0.0027032092,0.00088612956,0.00044731202,0.0018153758,0.0016174507,3.6670674e-05,0.0011964336,0.0002591852,0.0012533957,0.00060405117,0.00096613803,0.0015885684,0.0015986933,0.00027818215,0.22027995,0.0007960791,0.00023843745,0.0006104852,0.0016972461,0.04379652,0.00086878944,0.005839086,0.040724836,0.0010038468,0.00044196463,0.0003502502,0.066178195,0.05546831,0.26715758,0.21023996,0.023169084,0.04874987,0.00041042842,0.00032935131,0.00040400968,0.0014880425,0.18004003,0.0004009881,0.00046938602,0.0099081425,0.00036466643,0.00041478573,0.0034263812,0.00024609288,0.00091086805,0.004754059,0.0016975324,0.00051211216,0.00044664723,0.00036753603,0.00059505965,0.0012279714,0.00030943568,0.00039152737,0.06065006,0.101685286,0.22493371,0.11134343,0.22938015,0.45131955,0.14698744,0.3971065,0.20011659,0.039652172,0.35438842,0.02845589,0.11435745,0.18941708,0.06834219,0.4861777,0.21738297,0.1393224,0.3713699,0.28177953,0.083642885,0.34799334,0.10911801,0.18050611,0.13363811,0.7116624,0.38031393,0.24056813,0.03209592,0.041104216,0.4575461,0.5246169,0.5197002,0.1883921,0.047585413,0.025793139,0.3429598,0.1613106,0.09177008,0.41593772,0.08782441,0.34804028,0.11240913,0.42464754,0.1285253,0.15190789,0.113320604,0.40680325,0.5171138,0.36492667,0.31540582,0.46418333,0.24598548,0.14896005,0.2130597,0.12828045,0.07496739,0.3239914,0.2143099,0.45588988,0.04034266,0.342522,0.17142719,0.030098412,0.4933388,0.36928532,0.2198562,0.09872473,0.05193583,0.23006094,0.18636371,0.19379316,0.065196745,0.0005456463,0.2123025,0.06887765,0.29764223,0.28042018,0.17918545,0.0016092566,0.25662357,0.0933123,0.45702434,0.12791294,0.09640766,0.0568162,0.10893017,0.1444709,0.042539157,0.1474118,0.32095286,0.19998012,0.19229507,0.470399,0.19140644,0.19072644,0.074694715,0.5160771,0.36084098,0.016158924,0.11307038,0.2641078,0.13481331,0.3184815,0.0613436,0.18939494,0.12902397,0.49767184,0.28480613,0.022297736,0.11217099,0.2822881,0.14385097,0.09130506,0.022698265,0.25610188,0.10472503,0.22266051,0.16230159,0.42846012,0.06928428,0.34361067,0.27135208,0.36069757,0.3399084,0.18011859,0.1434488,0.20825076,0.14070027,0.06175082,0.00027144776,0.3041978,0.15243956,0.39187735,0.0026979551,0.4864888,0.09936445,0.37334853,0.18989907,0.25500453,0.19530283,0.2869994,0.43407062,0.40906116,0.16832761,0.2533009,0.08365624,0.14587025,0.029833732,0.06685863,0.10142365,0.043560576,0.1016195,0.4841863,0.083481744,0.22470196,0.034630924,0.40742376,0.02596932,0.11942785,0.14305829,0.28638932
BC2026_Train_0003_S08_20250607_070007_25,0.0009678791,0.18480067,0.0018081556,0.001252345,0.0003753265,0.00041623396,0.000368932,0.0007034688,0.0011082692,0.0035017913,0.008403464,0.00062517513,0.000444964,0.00023141518,0.00052706205,0.0029865524,0.00034915152,0.00020080728,0.002914832,0.00079261593,0.0005025704,0.002104644,0.0016728297,4.410516e-05,0.0011682308,0.00028442647,0.0011957971,0.0007056163,0.0014165643,0.001345224,0.0017905452,0.0004718106,0.17262308,0.0017278087,0.00044983035,0.0013105461,0.0016403284,0.042918842,0.001187335,0.0049444,0.055344958,0.00088846224,0.00053113303,0.00066780904,0.100062184,0.092456475,0.29149127,0.17489143,0.018837221,0.05654473,0.0005601839,0.00042424593,0.0004159193,0.0016335228,0.2000959,0.0003517091,0.0006575409,0.0149168,0.00041001965,0.0004488261,0.004444548,0.0002647828,0.0010219929,0.005929681,0.0019975118,0.00054446765,0.0004535041,0.00046728755,0.00082009926,0.0013143308,0.0003965569,0.0004202503,0.061548725,0.1548405,0.3517369,0.14976504,0.24458589,0.49200943,0.14375532,0.23098394,0.22537297,0.040011372,0.36658573,0.021260012,0.1479513,0.17623879,0.092481695,0.39642814,0.25525892,0.09264384,0.29821655,0.34014815,0.048977103,0.33579946,0.072655365,0.1836731,0.1583261,0.47282755,0.27927706,0.32643738,0.038899504,0.03244356,0.4708428,0.5183849,0.49657857,0.18907745,0.040131602,0.030307796,0.3813863,0.19951627,0.13661164,0.44897172,0.05109285,0.3362593,0.10176794,0.48453546,0.1003364,0.18119326,0.1129891,0.50532013,0.46413487,0.3941985,0.3099582,0.4769573,0.25425303,0.16175537,0.24526617,0.21245399,0.07965026,0.3953325,0.33335382,0.45396435,0.031214356,0.25997633,0.16916838,0.033135436,0.3784872,0.37088928,0.27940476,0.03941518,0.06870179,0.2641738,0.23038493,0.18450421,0.042777494,0.0006113889,0.22661336,0.10780396,0.18890785,0.42593926,0.10803457,0.0021052705,0.26405308,0.08320158,0.48025048,0.15659449,0.19668527,0.052043043,0.13336733,0.08180571,0.064353295,0.17883542,0.124652505,0.124834105,0.20631672,0.46365508,0.29036984,0.22487335,0.087228715,0.49622044,0.32698065,0.03707245,0.117711514,0.13012215,0.12954053,0.38091704,0.07408609,0.21319301,0.21087177,0.43200958,0.19093287,0.02337992,0.14022665,0.2935158,0.10635663,0.09392155,0.026973587,0.19301617,0.1347592,0.29904568,0.23008738,0.31709716,0.078548014,0.37303302,0.26207492,0.33817312,0.28427178,0.1859045,0.17338407,0.1818727,0.15478703,0.048083402,0.00030912337,0.3069523,0.21539676,0.3651232,0.0026686199,0.52447337,0.10111553,0.3601465,0.20063493,0.35178748,0.13692097,0.278437,0.43088123,0.47059777,0.2622292,0.2854143,0.08008384,0.07577163,0.08996399,0.058309577,0.11888696,0.029219996,0.10363274,0.5038962,0.06993159,0.21237223,0.06454041,0.35560137,0.014633746,0.109197594,0.20050766,0.2868303
BC2026_Train_0003_S08_20250607_070007_30,0.0008019004,0.077811785,0.0010462851,0.0020994185,0.0002902242,0.000471726,0.00027415477,0.00049594423,0.0007615156,0.0035988935,0.008311694,0.00042307674,0.0003971717,0.0002237102,0.00056122313,0.0032705702,0.0002632467,0.00014599382,0.0026760562,0.00069565314,0.0004046931,0.0021352952,0.0013144827,5.053074e-05,0.0010277114,0.00022466687,0.00094767805,0.00059150625,0.0010946549,0.0010161105,0.0018871899,0.00045872995,0.11796479,0.0012854259,0.0002598171,0.0010825758,0.0023366553,0.054688226,0.0014068361,0.0044392063,0.06389388,0.0010164558,0.00048289978,0.00054813386,0.070567824,0.061831515,0.22863775,0.10401372,0.013896598,0.059443545,0.0005020893,0.0003859672,0.00036415938,0.0018168299,0.15983711,0.000349861,0.0007019908,0.009504764,0.0003902901,0.00033352978,0.0040508187,0.00018554411,0.0009029781,0.005314543,0.0021556807,0.00041752346,0.00039569382,0.00047427096,0.0011216386,0.0018470298,0.0003581952,0.00029992056,0.08206302,0.24144234,0.21924393,0.23223175,0.24696703,0.5234961,0.16587898,0.1974072,0.27394727,0.040676195,0.47856474,0.016842088,0.11847304,0.16677791,0.14887303,0.33923358,0.23075618,0.15621161,0.2964506,0.21590456,0.0461336,0.40060386,0.07203526,0.2645517,0.25416467,0.44819003,0.4083102,0.29371178,0.045466952,0.03546651,0.4907891,0.5020306,0.45282984,0.22791556,0.042803753,0.036580794,0.38575736,0.25325856,0.12613805,0.5140921,0.037704594,0.31695193,0.16532715,0.4675452,0.12754686,0.23569945,0.16850322,0.55967474,0.47245476,0.5166077,0.3179492,0.45224112,0.16985993,0.15627037,0.38395202,0.37918314,0.088392794,0.4785814,0.32232842,0.46763796,0.041181274,0.31489274,0.15510513,0.05681795,0.30848193,0.35242784,0.35206246,0.10406267,0.05602105,0.30816433,0.31507966,0.23585598,0.026709879,0.0004484887,0.17574516,0.2366759,0.2553954,0.350571,0.100182176,0.0020657699,0.207674,0.09238459,0.43239516,0.16036867,0.29997233,0.046840027,0.1720731,0.06999278,0.124633804,0.24013415,0.07616442,0.10900048,0.27246156,0.45080525,0.36868387,0.29615986,0.10032429,0.4597972,0.40505898,0.081006184,0.108131014,0.1154314,0.16814993,0.22747163,0.096595794,0.18302608,0.23471396,0.41164544,0.14501883,0.028333474,0.14496937,0.15583497,0.123083636,0.09754239,0.032311793,0.14627081,0.09675223,0.2546677,0.3918676,0.38284135,0.14710182,0.44512567,0.25497335,0.3318866,0.32397592,0.15466449,0.14669962,0.105895944,0.18591657,0.042361278,0.00022578538,0.3075544,0.3479903,0.36430728,0.0022089959,0.502702,0.09739978,0.3030724,0.2131395,0.3294656,0.15931298,0.28211144,0.47451377,0.49802172,0.39182386,0.3093951,0.07012285,0.04752031,0.23360518,0.06172674,0.12070814,0.025388328,0.11321827,0.5348448,0.053050708,0.21608809,0.11254862,0.32203075,0.023208989,0.09010776,0.24916406,0.2715049
BC2026_Train_0003_S08_20250607_070007_35,0.00069186266,0.061850607,0.0005044928,0.0012074051,0.00019440036,0.00040509307,0.00017912254,0.00033222482,0.0006401153,0.0028901484,0.0055053476,0.00023939976,0.0002488646,0.00017537319,0.00032955923,0.0028639212,0.00016831637,0.00011154385,0.0024656889,0.0009022062,0.00024906453,0.0017484081,0.0008842427,3.339158e-05,0.0007304996,0.00014436859,0.0005763901,0.00039279583,0.00072712166,0.0006304755,0.001564678,0.000276979,0.20189266,0.0008593617,0.0001210375,0.00096744695,0.0015976921,0.070795506,0.0010362364,0.0047723893,0.07112721,0.0009960716,0.0002820526,0.00036950374,0.030404983,0.028069839,0.24858883,0.18231593,0.017683994,0.055216335,0.00026811776,0.0002042842,0.0002184849,0.0014957659,0.17857946,0.00020969671,0.0005852457,0.007171972,0.00026867847,0.0002468106,0.002858196,0.0001255268,0.00060484686,0.0045000343,0.0017718832,0.0002874268,0.00027702958,0.0004719992,0.0005156462,0.00085777504,0.00020576242,0.00020102647,0.11599128,0.14925632,0.14762427,0.18294553,0.23846167,0.48340046,0.2250877,0.38856342,0.21491832,0.041099597,0.43323195,0.03123969,0.13909188,0.13882296,0.10616342,0.37216458,0.32346606,0.19571239,0.35071248,0.15246119,0.04088097,0.23189682,0.0729371,0.21720608,0.21758373,0.7178207,0.4535519,0.22723524,0.046432935,0.032412026,0.47984353,0.5187437,0.50154895,0.26132014,0.059049062,0.024361817,0.34902224,0.26564607,0.11930924,0.5236687,0.035677917,0.35503483,0.13308017,0.41425568,0.11207733,0.2083566,0.1352715,0.55067325,0.48844907,0.49615195,0.37449175,0.35418424,0.17836067,0.1621663,0.40446445,0.25044355,0.11851199,0.52970153,0.18498234,0.45237944,0.06984388,0.3449631,0.15714075,0.042518854,0.31782323,0.32528475,0.22506873,0.24791335,0.039952114,0.17781936,0.24848938,0.20528455,0.035085287,0.00031403796,0.22985594,0.112732954,0.13957363,0.24462017,0.14795849,0.0011623951,0.170064,0.071703956,0.2013813,0.13812573,0.19098985,0.04448124,0.15437426,0.049812395,0.072959706,0.332958,0.13600111,0.11281591,0.26116875,0.43219873,0.38429433,0.20182924,0.114410676,0.47063878,0.37452307,0.0540714,0.16127904,0.21440746,0.19582932,0.24963759,0.06470612,0.20280384,0.17171198,0.39595157,0.17395209,0.02460309,0.15547416,0.10901359,0.10377602,0.06472359,0.035779428,0.18684557,0.1064442,0.31606802,0.4020486,0.33600804,0.112844706,0.48437142,0.2617886,0.2995983,0.35078222,0.16446108,0.20824464,0.092764474,0.34176806,0.055763826,0.00014823026,0.36681062,0.23683695,0.31630608,0.001607489,0.42252043,0.06606974,0.3156131,0.22910298,0.24942222,0.14115173,0.2745888,0.4477904,0.52501625,0.22909869,0.2791536,0.08742854,0.05419702,0.098917626,0.062805474,0.18015806,0.024169873,0.077649824,0.51084435,0.06150603,0.19198209,0.06594904,0.2975197,0.043393627,0.10108744,0.20326217,0.29125455
BC2026_Train_0003_S08_20250607_070007_40,0.00075990974,0.044516955,0.00052032643,0.0008929276,0.00020776567,0.00072195823,0.00018480116,0.00035646022,0.0009688334,0.004097995,0.007891474,0.00022758928,0.00024559046,0.00026749173,0.00032946854,0.0035984223,0.00017864793,0.00015874527,0.0028502364,0.0020441632,0.0002469992,0.0017929232,0.0009759233,4.1334322e-05,0.000749714,0.00014913487,0.00060024735,0.00040557596,0.00077137817,0.0006915941,0.0025793388,0.00031416744,0.19093585,0.0009848617,0.00015121866,0.0009076086,0.0019613334,0.073732816,0.001765718,0.0049324986,0.0723957,0.001454632,0.00029544404,0.00040646113,0.030351177,0.030590307,0.24101068,0.15980944,0.024304751,0.070136815,0.00029420984,0.00020937849,0.00023300019,0.002577121,0.1775126,0.00025040744,0.00065537967,0.008288501,0.0002967458,0.00029488342,0.002916714,0.00013032835,0.0005615254,0.004603931,0.0017664179,0.0003271323,0.000371714,0.000987654,0.0003738241,0.0008524769,0.00020789096,0.00021651722,0.12890726,0.17150873,0.17300306,0.22994362,0.26865658,0.49149877,0.163734,0.40661603,0.20990756,0.052318074,0.4234609,0.04497591,0.25659096,0.105254464,0.0783304,0.37651834,0.38137066,0.12718865,0.3938788,0.16133137,0.056362506,0.18383838,0.082227044,0.25538215,0.31098357,0.7018039,0.4516543,0.33280727,0.04383409,0.075276114,0.45379895,0.50493294,0.5184729,0.37025183,0.049630597,0.01711702,0.35076204,0.20929539,0.17427981,0.5143039,0.03102941,0.2532297,0.1417239,0.42810196,0.10986337,0.22313854,0.102175914,0.55471367,0.52458096,0.4339637,0.3481473,0.3646399,0.23586674,0.31132787,0.35054898,0.12794414,0.10687954,0.5157129,0.1592447,0.4831754,0.06507742,0.20383292,0.16998903,0.033619743,0.3334169,0.35554594,0.17582503,0.11944501,0.06141135,0.2987269,0.18950486,0.22936967,0.040659945,0.00036950223,0.37324423,0.06157352,0.1732925,0.2917586,0.20479271,0.0014947864,0.18717043,0.05812921,0.11918533,0.14377199,0.32046127,0.059585433,0.17192288,0.065847054,0.08313971,0.3865951,0.20665678,0.14899759,0.21357802,0.41954497,0.28552276,0.22361405,0.14477699,0.4794587,0.4142603,0.08980903,0.12000252,0.20263726,0.2181995,0.34588844,0.0703904,0.17590554,0.15762089,0.41593415,0.24519335,0.02051782,0.15836978,0.14085862,0.11296454,0.05827463,0.020318741,0.1904264,0.08255589,0.36691558,0.23974217,0.36121115,0.06967172,0.50739574,0.26810676,0.2803432,0.280207,0.169255,0.21786414,0.120370075,0.19965124,0.10206579,0.00016042574,0.37350485,0.14951786,0.3664976,0.0022600805,0.37403426,0.05860362,0.32635093,0.13914078,0.29945317,0.10215907,0.2431763,0.39419574,0.5312852,0.21385992,0.28159574,0.13184413,0.05459765,0.042295042,0.07066552,0.12822536,0.031101339,0.07661456,0.47340322,0.069136344,0.18204038,0.07522001,0.2998748,0.043220755,0.116589814,0.23700784,0.29452226
BC2026_Train_0003_S08_20250607_070007_45,0.0007279448,0.046957403,0.0006403248,0.00085853273,0.0002659227,0.00058041164,0.00022897116,0.00048187026,0.001027682,0.007579663,0.015587662,0.00034169972,0.00029181613,0.00020735149,0.0003410087,0.00316831,0.00022228944,0.0001696891,0.0029522686,0.0019027805,0.0003214273,0.002071812,0.0012351141,4.555756e-05,0.0007497887,0.00018829945,0.00076591474,0.00043733162,0.0007228949,0.0011004686,0.0021677874,0.00027882936,0.21799903,0.0010156167,0.00018473942,0.0007179309,0.003848719,0.076559454,0.001947924,0.008180491,0.051873073,0.0013178014,0.00034270796,0.00032464613,0.022627845,0.024584604,0.22039494,0.16346619,0.02728093,0.079878315,0.00032151752,0.00027054755,0.0002888768,0.0025407611,0.17014068,0.00040811056,0.0005200102,0.008178551,0.00031264054,0.00031987822,0.0036662037,0.00016700898,0.00061363843,0.004898173,0.0020498934,0.00041043828,0.00037259885,0.00063083146,0.000497599,0.0013126932,0.0002481142,0.0002917928,0.17293553,0.15859745,0.24320401,0.1577605,0.39371338,0.5185464,0.1160317,0.31090695,0.22393669,0.07733239,0.48503768,0.03609383,0.20019914,0.14299819,0.09102635,0.35846496,0.435394,0.11075104,0.30181855,0.1307043,0.08600224,0.23721206,0.13645105,0.3008519,0.2798146,0.82690704,0.36718693,0.32538602,0.043388683,0.1768241,0.4665384,0.51524246,0.49709064,0.36874348,0.06885631,0.012700337,0.37328088,0.25477636,0.13919844,0.46528625,0.024723375,0.27021295,0.13894124,0.37676686,0.16096996,0.21743736,0.1347536,0.54199284,0.5866547,0.45641232,0.3920515,0.42947748,0.24527082,0.25608677,0.25455436,0.16532159,0.11458901,0.40189144,0.1267881,0.49869978,0.08384808,0.17979899,0.21057253,0.028307308,0.3693235,0.3838389,0.1795095,0.121081024,0.057465848,0.22020707,0.15858088,0.1677352,0.055596765,0.00042386225,0.43639702,0.088460885,0.29028505,0.288179,0.331854,0.0014249474,0.28742614,0.05580396,0.18233359,0.11456269,0.3399349,0.087929405,0.1667526,0.09847941,0.04993637,0.38291118,0.18169665,0.23283447,0.2160327,0.32837233,0.19245164,0.26455793,0.11307221,0.49602568,0.42386803,0.06539981,0.08104964,0.22255898,0.300257,0.41874447,0.09778967,0.2424771,0.15381578,0.46298224,0.33154538,0.025131196,0.15416047,0.18425009,0.17392127,0.073557444,0.018600754,0.18996125,0.083152555,0.2979801,0.18543307,0.560236,0.07152033,0.5102716,0.3545844,0.3842561,0.30629337,0.15655419,0.15521741,0.12561312,0.13660686,0.18538293,0.00019907353,0.41330045,0.19612837,0.41292048,0.0026361756,0.38770145,0.07185596,0.21686272,0.1458263,0.34974068,0.1079657,0.24511722,0.46310157,0.47445634,0.20547956,0.27210975,0.19413649,0.056744147,0.031809013,0.07455169,0.1510123,0.061214533,0.06548571,0.5529016,0.06266086,0.17171155,0.06657859,0.2981642,0.046740957,0.13680139,0.23780853,0.25418013
BC2026_Train_0003_S08_20250607_070007_50,0.0007291111,0.02970056,0.001031423,0.00083151023,0.00038657582,0.00046908777,0.00031699747,0.000923647,0.0011258747,0.00688699,0.01729898,0.00057945156,0.0003904185,0.00022212268,0.0004256205,0.0033248262,0.00028058517,0.0001988876,0.0037357104,0.0012908531,0.00047108985,0.0029216926,0.0016060662,6.88847e-05,0.0010389846,0.0002555961,0.0010148948,0.0005659802,0.00086050667,0.0014134652,0.0013602147,0.00027814487,0.15060498,0.0006425047,0.00019773033,0.00052214565,0.0066873594,0.071310304,0.0011740621,0.01119063,0.036184587,0.000827541,0.00040001294,0.00033831823,0.021016844,0.023022732,0.16159758,0.09529972,0.01636407,0.06825872,0.00031282697,0.00028400988,0.0002727198,0.001392312,0.1483875,0.0005020872,0.0005298956,0.010091909,0.00035247277,0.00040416166,0.0036244437,0.00023171218,0.0008004433,0.005727614,0.0026425067,0.0005620731,0.0005100613,0.00038522243,0.00072019675,0.0014763989,0.0003323789,0.00038494135,0.117329426,0.13971694,0.23282045,0.13192946,0.36175027,0.51264584,0.14357822,0.36099252,0.27232653,0.07583658,0.4924688,0.02849526,0.14510745,0.25464654,0.083904564,0.38797075,0.3950642,0.11571769,0.27001232,0.17740865,0.07681691,0.33884495,0.24990529,0.26635775,0.33637476,0.8752318,0.30266285,0.31460473,0.046291143,0.1238043,0.44222006,0.4918731,0.47068805,0.36925465,0.06309546,0.01367215,0.39694318,0.28445613,0.081027344,0.43811145,0.031733885,0.2500312,0.14047883,0.33641347,0.15485269,0.29635483,0.17817457,0.5124855,0.5941821,0.4337869,0.35748106,0.4488843,0.22789906,0.15063153,0.23442055,0.18668507,0.11946518,0.32712904,0.1059151,0.48985717,0.12237847,0.20287426,0.24405642,0.041414466,0.40453,0.41206148,0.19357274,0.18044172,0.036578182,0.11249094,0.14180413,0.15700331,0.05733184,0.00053635566,0.3466468,0.09407013,0.3199348,0.33763388,0.23223588,0.0017633855,0.34025303,0.082865335,0.24180165,0.09012906,0.26999348,0.055519164,0.2651682,0.2143535,0.0554339,0.31911215,0.24707372,0.27823204,0.23405796,0.38866186,0.2658324,0.27191085,0.10270101,0.5133064,0.45489845,0.04587201,0.069935285,0.17913975,0.3240663,0.34400403,0.088055976,0.26417577,0.17500606,0.46513712,0.33882922,0.026364552,0.13714457,0.19074145,0.15626164,0.10483859,0.022950528,0.16446309,0.08536792,0.29181346,0.15410069,0.6536463,0.10184425,0.5074016,0.28324816,0.31025553,0.21098045,0.08825316,0.14155194,0.21349587,0.13166806,0.10017479,0.00025359768,0.45239404,0.2662115,0.3965077,0.002504854,0.39926055,0.11943874,0.27930725,0.2705148,0.25631464,0.11976975,0.25008157,0.47231394,0.45274398,0.23827669,0.2904644,0.18284093,0.07396877,0.039878663,0.075773485,0.1279444,0.064955935,0.11575273,0.62057096,0.071477175,0.220342,0.03962997,0.34084713,0.08097208,0.12584354,0.23234867,0.23750797
BC2026_Train_0003_S08_20250607_070007_55,0.0007631895,0.0424498,0.0009203169,0.0009466814,0.00045851793,0.00043107066,0.00031760687,0.0015390215,0.001126188,0.003951397,0.008745135,0.00043429228,0.0004320282,0.00019610963,0.00041465665,0.0029652065,0.00027671846,0.00018014829,0.0035940935,0.0010156555,0.00042362738,0.003027075,0.001549998,4.8234273e-05,0.0010191782,0.0002381406,0.0008957178,0.00057114224,0.0012086892,0.0012245493,0.0016983681,0.00041120924,0.18214384,0.00077388814,0.00017091325,0.0007375964,0.0050318576,0.03360116,0.0007670293,0.014937897,0.022100633,0.0008740345,0.00041063922,0.0005273632,0.062286947,0.06352905,0.2084052,0.10971195,0.014012854,0.032857668,0.00041211856,0.0003327271,0.00037985318,0.0013572045,0.16793247,0.00037290424,0.00087608775,0.009965611,0.00038665952,0.00038810336,0.003197155,0.00022785201,0.00080996717,0.0057288376,0.0021879566,0.0005055596,0.00040825372,0.0003858336,0.0006670548,0.0012180778,0.00035214477,0.00037423108,0.12624115,0.16631708,0.16796376,0.13324492,0.26610985,0.5294968,0.21479525,0.34575224,0.2171418,0.04868937,0.41813582,0.019764898,0.15744591,0.31133506,0.1011767,0.23027025,0.39090112,0.13328116,0.29784113,0.21997826,0.04042946,0.29287937,0.3043512,0.3262202,0.21689704,0.7843231,0.2818275,0.24604979,0.040883113,0.15715437,0.5071561,0.49860922,0.49120107,0.24308096,0.056280605,0.022688704,0.32242778,0.35653985,0.12202499,0.41617465,0.055959597,0.26560616,0.16578397,0.4547485,0.1251381,0.27769026,0.14306918,0.5446335,0.55625945,0.42623386,0.4434124,0.43800524,0.286492,0.15991165,0.2810816,0.22933005,0.11058133,0.402851,0.12775579,0.46762025,0.097046494,0.2744342,0.28070304,0.04535098,0.40324187,0.42882818,0.22765604,0.16377151,0.037410486,0.09901616,0.24661064,0.20085903,0.04068432,0.00054179446,0.45089322,0.06087823,0.18427342,0.39183637,0.17196009,0.0027979908,0.22951606,0.13547148,0.46221924,0.09590922,0.2066306,0.07249706,0.19942535,0.33020055,0.07898093,0.37569135,0.14093645,0.3494567,0.36509472,0.4256864,0.36527595,0.32033756,0.11377631,0.49639776,0.3571081,0.056068506,0.09135256,0.19881181,0.34053665,0.38235885,0.08822533,0.27983165,0.21433549,0.47478878,0.34265888,0.027474696,0.12577482,0.20506452,0.1706328,0.072035685,0.02068479,0.19318083,0.109299265,0.3355521,0.17139052,0.33639333,0.13049032,0.43111888,0.36501884,0.33099216,0.23917513,0.09801876,0.15928236,0.2038646,0.1806102,0.0805042,0.00024580755,0.44088095,0.443129,0.45034328,0.0023014387,0.45972362,0.12979512,0.2930424,0.29689342,0.30426064,0.16455963,0.2817707,0.4546945,0.48186862,0.24393074,0.25994912,0.16006161,0.06564546,0.05958936,0.10083263,0.094761215,0.03833229,0.122167304,0.5897217,0.08389831,0.26652756,0.042647235,0.34671596,0.03610549,0.11129424,0.20989226,0.25020373
BC2026_Train_0003_S08_20250607_070007_60,0.00084180594,0.060314633,0.000908785,0.00084855675,0.00038647238,0.0005188027,0.00035136237,0.00096359,0.0008874382,0.0029514437,0.005530771,0.00042919084,0.000416941,0.00020942283,0.00044980628,0.002704686,0.0003188288,0.00023321345,0.0035432617,0.0017892651,0.00045492483,0.0022012019,0.0015619495,3.3395692e-05,0.001067532,0.00026795088,0.00089677406,0.0006423024,0.0014108843,0.0013772885,0.0016765262,0.00041674398,0.26276582,0.00070827507,0.00016502096,0.00069409143,0.0032735076,0.03590832,0.00062838144,0.014026278,0.04155454,0.00082474307,0.00037919698,0.00066141586,0.094770044,0.08671394,0.28188512,0.14323056,0.022267157,0.04959422,0.0003928263,0.00029920496,0.00038059746,0.0015190138,0.22104019,0.00037571276,0.0006506369,0.008380421,0.00049275695,0.00044872024,0.0029228567,0.00025361148,0.00094720337,0.0049170475,0.0018401024,0.0005318658,0.00042039162,0.00058153,0.0005768738,0.0015375422,0.0003418192,0.00039562985,0.10028648,0.11585321,0.10268805,0.1334227,0.31523332,0.5109619,0.20579559,0.42853692,0.21719737,0.054720115,0.3483607,0.012306001,0.29882032,0.19588955,0.096774064,0.22641632,0.31012988,0.15941975,0.36818537,0.23692071,0.038407058,0.22611928,0.25185093,0.27474546,0.17726633,0.8455702,0.3939379,0.23097964,0.036210787,0.059180424,0.49935976,0.47520947,0.4960547,0.24025531,0.059796114,0.017629348,0.39442858,0.30635932,0.12680198,0.452631,0.093675524,0.25808674,0.100089684,0.5007404,0.15700732,0.2001265,0.1239237,0.5795616,0.54801965,0.42843863,0.48264375,0.45125198,0.4385551,0.20396964,0.2563804,0.33074203,0.15059587,0.41066965,0.1645011,0.46213922,0.089127384,0.25678608,0.25448424,0.046284024,0.43994367,0.4039368,0.18510637,0.13327771,0.027326731,0.21868493,0.30911294,0.22577249,0.040675912,0.00062479323,0.33779532,0.092258394,0.21687509,0.3665295,0.15167293,0.0022196833,0.24376528,0.11432146,0.5495494,0.09848512,0.108079344,0.06797661,0.12519471,0.2177423,0.09255428,0.2690111,0.15440907,0.21390976,0.42577967,0.41121998,0.40752947,0.26054373,0.08398033,0.48724738,0.39644682,0.06254956,0.089980066,0.1590263,0.19928668,0.30092743,0.12362643,0.25870872,0.2506385,0.52087176,0.18987398,0.027051667,0.17275305,0.23826979,0.1349741,0.06964082,0.01913099,0.20342425,0.12698185,0.48244303,0.23944461,0.25101233,0.08684139,0.41594642,0.32583246,0.33408678,0.3159926,0.1076506,0.15949109,0.11735908,0.16679266,0.057581127,0.00027995583,0.38714606,0.44219553,0.42360198,0.0023889309,0.4911205,0.08667336,0.27236634,0.23591103,0.3506698,0.28187397,0.2875069,0.44758126,0.5316149,0.15293568,0.31648514,0.10837191,0.08257605,0.040607937,0.11634399,0.070441425,0.03772288,0.07836252,0.5581572,0.072357416,0.25745988,0.05837226,0.3381432,0.014896815,0.11834217,0.21076551,0.29465953
